_id,nickname,_class
10000,판매자10000,com.sshmarket.auth.auth.adapter.out.persistent.entity.DocMember
10001,판매자10001,com.sshmarket.auth.auth.adapter.out.persistent.entity.DocMember
10002,판매자10002,com.sshmarket.auth.auth.adapter.out.persistent.entity.DocMember
10003,판매자10003,com.sshmarket.auth.auth.adapter.out.persistent.entity.DocMember
10004,판매자10004,com.sshmarket.auth.auth.adapter.out.persistent.entity.DocMember
10005,판매자10005,com.sshmarket.auth.auth.adapter.out.persistent.entity.DocMember
10006,판매자10006,com.sshmarket.auth.auth.adapter.out.persistent.entity.DocMember
10007,판매자10007,com.sshmarket.auth.auth.adapter.out.persistent.entity.DocMember
10008,판매자10008,com.sshmarket.auth.auth.adapter.out.persistent.entity.DocMember
10009,판매자10009,com.sshmarket.auth.auth.adapter.out.persistent.entity.DocMember
10010,판매자10010,com.sshmarket.auth.auth.adapter.out.persistent.entity.DocMember
10011,판매자10011,com.sshmarket.auth.auth.adapter.out.persistent.entity.DocMember
10012,판매자10012,com.sshmarket.auth.auth.adapter.out.persistent.entity.DocMember
10013,판매자10013,com.sshmarket.auth.auth.adapter.out.persistent.entity.DocMember
10014,판매자10014,com.sshmarket.auth.auth.adapter.out.persistent.entity.DocMember
10015,판매자10015,com.sshmarket.auth.auth.adapter.out.persistent.entity.DocMember
10016,판매자10016,com.sshmarket.auth.auth.adapter.out.persistent.entity.DocMember
10017,판매자10017,com.sshmarket.auth.auth.adapter.out.persistent.entity.DocMember
10018,판매자10018,com.sshmarket.auth.auth.adapter.out.persistent.entity.DocMember
10019,판매자10019,com.sshmarket.auth.auth.adapter.out.persistent.entity.DocMember
10020,판매자10020,com.sshmarket.auth.auth.adapter.out.persistent.entity.DocMember
10021,판매자10021,com.sshmarket.auth.auth.adapter.out.persistent.entity.DocMember
10022,판매자10022,com.sshmarket.auth.auth.adapter.out.persistent.entity.DocMember
10023,판매자10023,com.sshmarket.auth.auth.adapter.out.persistent.entity.DocMember
10024,판매자10024,com.sshmarket.auth.auth.adapter.out.persistent.entity.DocMember
10025,판매자10025,com.sshmarket.auth.auth.adapter.out.persistent.entity.DocMember
10026,판매자10026,com.sshmarket.auth.auth.adapter.out.persistent.entity.DocMember
10027,판매자10027,com.sshmarket.auth.auth.adapter.out.persistent.entity.DocMember
10028,판매자10028,com.sshmarket.auth.auth.adapter.out.persistent.entity.DocMember
10029,판매자10029,com.sshmarket.auth.auth.adapter.out.persistent.entity.DocMember
10030,판매자10030,com.sshmarket.auth.auth.adapter.out.persistent.entity.DocMember
10031,판매자10031,com.sshmarket.auth.auth.adapter.out.persistent.entity.DocMember
10032,판매자10032,com.sshmarket.auth.auth.adapter.out.persistent.entity.DocMember
10033,판매자10033,com.sshmarket.auth.auth.adapter.out.persistent.entity.DocMember
10034,판매자10034,com.sshmarket.auth.auth.adapter.out.persistent.entity.DocMember
10035,판매자10035,com.sshmarket.auth.auth.adapter.out.persistent.entity.DocMember
10036,판매자10036,com.sshmarket.auth.auth.adapter.out.persistent.entity.DocMember
10037,판매자10037,com.sshmarket.auth.auth.adapter.out.persistent.entity.DocMember
10038,판매자10038,com.sshmarket.auth.auth.adapter.out.persistent.entity.DocMember
10039,판매자10039,com.sshmarket.auth.auth.adapter.out.persistent.entity.DocMember
10040,판매자10040,com.sshmarket.auth.auth.adapter.out.persistent.entity.DocMember
10041,판매자10041,com.sshmarket.auth.auth.adapter.out.persistent.entity.DocMember
10042,판매자10042,com.sshmarket.auth.auth.adapter.out.persistent.entity.DocMember
10043,판매자10043,com.sshmarket.auth.auth.adapter.out.persistent.entity.DocMember
10044,판매자10044,com.sshmarket.auth.auth.adapter.out.persistent.entity.DocMember
10045,판매자10045,com.sshmarket.auth.auth.adapter.out.persistent.entity.DocMember
10046,판매자10046,com.sshmarket.auth.auth.adapter.out.persistent.entity.DocMember
10047,판매자10047,com.sshmarket.auth.auth.adapter.out.persistent.entity.DocMember
10048,판매자10048,com.sshmarket.auth.auth.adapter.out.persistent.entity.DocMember
10049,판매자10049,com.sshmarket.auth.auth.adapter.out.persistent.entity.DocMember
10050,판매자10050,com.sshmarket.auth.auth.adapter.out.persistent.entity.DocMember
10051,판매자10051,com.sshmarket.auth.auth.adapter.out.persistent.entity.DocMember
10052,판매자10052,com.sshmarket.auth.auth.adapter.out.persistent.entity.DocMember
10053,판매자10053,com.sshmarket.auth.auth.adapter.out.persistent.entity.DocMember
10054,판매자10054,com.sshmarket.auth.auth.adapter.out.persistent.entity.DocMember
10055,판매자10055,com.sshmarket.auth.auth.adapter.out.persistent.entity.DocMember
10056,판매자10056,com.sshmarket.auth.auth.adapter.out.persistent.entity.DocMember
10057,판매자10057,com.sshmarket.auth.auth.adapter.out.persistent.entity.DocMember
10058,판매자10058,com.sshmarket.auth.auth.adapter.out.persistent.entity.DocMember
10059,판매자10059,com.sshmarket.auth.auth.adapter.out.persistent.entity.DocMember
10060,판매자10060,com.sshmarket.auth.auth.adapter.out.persistent.entity.DocMember
10061,판매자10061,com.sshmarket.auth.auth.adapter.out.persistent.entity.DocMember
10062,판매자10062,com.sshmarket.auth.auth.adapter.out.persistent.entity.DocMember
10063,판매자10063,com.sshmarket.auth.auth.adapter.out.persistent.entity.DocMember
10064,판매자10064,com.sshmarket.auth.auth.adapter.out.persistent.entity.DocMember
10065,판매자10065,com.sshmarket.auth.auth.adapter.out.persistent.entity.DocMember
10066,판매자10066,com.sshmarket.auth.auth.adapter.out.persistent.entity.DocMember
10067,판매자10067,com.sshmarket.auth.auth.adapter.out.persistent.entity.DocMember
10068,판매자10068,com.sshmarket.auth.auth.adapter.out.persistent.entity.DocMember
10069,판매자10069,com.sshmarket.auth.auth.adapter.out.persistent.entity.DocMember
10070,판매자10070,com.sshmarket.auth.auth.adapter.out.persistent.entity.DocMember
10071,판매자10071,com.sshmarket.auth.auth.adapter.out.persistent.entity.DocMember
10072,판매자10072,com.sshmarket.auth.auth.adapter.out.persistent.entity.DocMember
10073,판매자10073,com.sshmarket.auth.auth.adapter.out.persistent.entity.DocMember
10074,판매자10074,com.sshmarket.auth.auth.adapter.out.persistent.entity.DocMember
10075,판매자10075,com.sshmarket.auth.auth.adapter.out.persistent.entity.DocMember
10076,판매자10076,com.sshmarket.auth.auth.adapter.out.persistent.entity.DocMember
10077,판매자10077,com.sshmarket.auth.auth.adapter.out.persistent.entity.DocMember
10078,판매자10078,com.sshmarket.auth.auth.adapter.out.persistent.entity.DocMember
10079,판매자10079,com.sshmarket.auth.auth.adapter.out.persistent.entity.DocMember
10080,판매자10080,com.sshmarket.auth.auth.adapter.out.persistent.entity.DocMember
10081,판매자10081,com.sshmarket.auth.auth.adapter.out.persistent.entity.DocMember
10082,판매자10082,com.sshmarket.auth.auth.adapter.out.persistent.entity.DocMember
10083,판매자10083,com.sshmarket.auth.auth.adapter.out.persistent.entity.DocMember
10084,판매자10084,com.sshmarket.auth.auth.adapter.out.persistent.entity.DocMember
10085,판매자10085,com.sshmarket.auth.auth.adapter.out.persistent.entity.DocMember
10086,판매자10086,com.sshmarket.auth.auth.adapter.out.persistent.entity.DocMember
10087,판매자10087,com.sshmarket.auth.auth.adapter.out.persistent.entity.DocMember
10088,판매자10088,com.sshmarket.auth.auth.adapter.out.persistent.entity.DocMember
10089,판매자10089,com.sshmarket.auth.auth.adapter.out.persistent.entity.DocMember
10090,판매자10090,com.sshmarket.auth.auth.adapter.out.persistent.entity.DocMember
10091,판매자10091,com.sshmarket.auth.auth.adapter.out.persistent.entity.DocMember
10092,판매자10092,com.sshmarket.auth.auth.adapter.out.persistent.entity.DocMember
10093,판매자10093,com.sshmarket.auth.auth.adapter.out.persistent.entity.DocMember
10094,판매자10094,com.sshmarket.auth.auth.adapter.out.persistent.entity.DocMember
10095,판매자10095,com.sshmarket.auth.auth.adapter.out.persistent.entity.DocMember
10096,판매자10096,com.sshmarket.auth.auth.adapter.out.persistent.entity.DocMember
10097,판매자10097,com.sshmarket.auth.auth.adapter.out.persistent.entity.DocMember
10098,판매자10098,com.sshmarket.auth.auth.adapter.out.persistent.entity.DocMember
10099,판매자10099,com.sshmarket.auth.auth.adapter.out.persistent.entity.DocMember
10100,판매자10100,com.sshmarket.auth.auth.adapter.out.persistent.entity.DocMember
10101,판매자10101,com.sshmarket.auth.auth.adapter.out.persistent.entity.DocMember
10102,판매자10102,com.sshmarket.auth.auth.adapter.out.persistent.entity.DocMember
10103,판매자10103,com.sshmarket.auth.auth.adapter.out.persistent.entity.DocMember
10104,판매자10104,com.sshmarket.auth.auth.adapter.out.persistent.entity.DocMember
10105,판매자10105,com.sshmarket.auth.auth.adapter.out.persistent.entity.DocMember
10106,판매자10106,com.sshmarket.auth.auth.adapter.out.persistent.entity.DocMember
10107,판매자10107,com.sshmarket.auth.auth.adapter.out.persistent.entity.DocMember
10108,판매자10108,com.sshmarket.auth.auth.adapter.out.persistent.entity.DocMember
10109,판매자10109,com.sshmarket.auth.auth.adapter.out.persistent.entity.DocMember
10110,판매자10110,com.sshmarket.auth.auth.adapter.out.persistent.entity.DocMember
10111,판매자10111,com.sshmarket.auth.auth.adapter.out.persistent.entity.DocMember
10112,판매자10112,com.sshmarket.auth.auth.adapter.out.persistent.entity.DocMember
10113,판매자10113,com.sshmarket.auth.auth.adapter.out.persistent.entity.DocMember
10114,판매자10114,com.sshmarket.auth.auth.adapter.out.persistent.entity.DocMember
10115,판매자10115,com.sshmarket.auth.auth.adapter.out.persistent.entity.DocMember
10116,판매자10116,com.sshmarket.auth.auth.adapter.out.persistent.entity.DocMember
10117,판매자10117,com.sshmarket.auth.auth.adapter.out.persistent.entity.DocMember
10118,판매자10118,com.sshmarket.auth.auth.adapter.out.persistent.entity.DocMember
10119,판매자10119,com.sshmarket.auth.auth.adapter.out.persistent.entity.DocMember
10120,판매자10120,com.sshmarket.auth.auth.adapter.out.persistent.entity.DocMember
10121,판매자10121,com.sshmarket.auth.auth.adapter.out.persistent.entity.DocMember
10122,판매자10122,com.sshmarket.auth.auth.adapter.out.persistent.entity.DocMember
10123,판매자10123,com.sshmarket.auth.auth.adapter.out.persistent.entity.DocMember
10124,판매자10124,com.sshmarket.auth.auth.adapter.out.persistent.entity.DocMember
10125,판매자10125,com.sshmarket.auth.auth.adapter.out.persistent.entity.DocMember
10126,판매자10126,com.sshmarket.auth.auth.adapter.out.persistent.entity.DocMember
10127,판매자10127,com.sshmarket.auth.auth.adapter.out.persistent.entity.DocMember
10128,판매자10128,com.sshmarket.auth.auth.adapter.out.persistent.entity.DocMember
10129,판매자10129,com.sshmarket.auth.auth.adapter.out.persistent.entity.DocMember
10130,판매자10130,com.sshmarket.auth.auth.adapter.out.persistent.entity.DocMember
10131,판매자10131,com.sshmarket.auth.auth.adapter.out.persistent.entity.DocMember
10132,판매자10132,com.sshmarket.auth.auth.adapter.out.persistent.entity.DocMember
10133,판매자10133,com.sshmarket.auth.auth.adapter.out.persistent.entity.DocMember
10134,판매자10134,com.sshmarket.auth.auth.adapter.out.persistent.entity.DocMember
10135,판매자10135,com.sshmarket.auth.auth.adapter.out.persistent.entity.DocMember
10136,판매자10136,com.sshmarket.auth.auth.adapter.out.persistent.entity.DocMember
10137,판매자10137,com.sshmarket.auth.auth.adapter.out.persistent.entity.DocMember
10138,판매자10138,com.sshmarket.auth.auth.adapter.out.persistent.entity.DocMember
10139,판매자10139,com.sshmarket.auth.auth.adapter.out.persistent.entity.DocMember
10140,판매자10140,com.sshmarket.auth.auth.adapter.out.persistent.entity.DocMember
10141,판매자10141,com.sshmarket.auth.auth.adapter.out.persistent.entity.DocMember
10142,판매자10142,com.sshmarket.auth.auth.adapter.out.persistent.entity.DocMember
10143,판매자10143,com.sshmarket.auth.auth.adapter.out.persistent.entity.DocMember
10144,판매자10144,com.sshmarket.auth.auth.adapter.out.persistent.entity.DocMember
10145,판매자10145,com.sshmarket.auth.auth.adapter.out.persistent.entity.DocMember
10146,판매자10146,com.sshmarket.auth.auth.adapter.out.persistent.entity.DocMember
10147,판매자10147,com.sshmarket.auth.auth.adapter.out.persistent.entity.DocMember
10148,판매자10148,com.sshmarket.auth.auth.adapter.out.persistent.entity.DocMember
10149,판매자10149,com.sshmarket.auth.auth.adapter.out.persistent.entity.DocMember
10150,판매자10150,com.sshmarket.auth.auth.adapter.out.persistent.entity.DocMember
10151,판매자10151,com.sshmarket.auth.auth.adapter.out.persistent.entity.DocMember
10152,판매자10152,com.sshmarket.auth.auth.adapter.out.persistent.entity.DocMember
10153,판매자10153,com.sshmarket.auth.auth.adapter.out.persistent.entity.DocMember
10154,판매자10154,com.sshmarket.auth.auth.adapter.out.persistent.entity.DocMember
10155,판매자10155,com.sshmarket.auth.auth.adapter.out.persistent.entity.DocMember
10156,판매자10156,com.sshmarket.auth.auth.adapter.out.persistent.entity.DocMember
10157,판매자10157,com.sshmarket.auth.auth.adapter.out.persistent.entity.DocMember
10158,판매자10158,com.sshmarket.auth.auth.adapter.out.persistent.entity.DocMember
10159,판매자10159,com.sshmarket.auth.auth.adapter.out.persistent.entity.DocMember
10160,판매자10160,com.sshmarket.auth.auth.adapter.out.persistent.entity.DocMember
10161,판매자10161,com.sshmarket.auth.auth.adapter.out.persistent.entity.DocMember
10162,판매자10162,com.sshmarket.auth.auth.adapter.out.persistent.entity.DocMember
10163,판매자10163,com.sshmarket.auth.auth.adapter.out.persistent.entity.DocMember
10164,판매자10164,com.sshmarket.auth.auth.adapter.out.persistent.entity.DocMember
10165,판매자10165,com.sshmarket.auth.auth.adapter.out.persistent.entity.DocMember
10166,판매자10166,com.sshmarket.auth.auth.adapter.out.persistent.entity.DocMember
10167,판매자10167,com.sshmarket.auth.auth.adapter.out.persistent.entity.DocMember
10168,판매자10168,com.sshmarket.auth.auth.adapter.out.persistent.entity.DocMember
10169,판매자10169,com.sshmarket.auth.auth.adapter.out.persistent.entity.DocMember
10170,판매자10170,com.sshmarket.auth.auth.adapter.out.persistent.entity.DocMember
10171,판매자10171,com.sshmarket.auth.auth.adapter.out.persistent.entity.DocMember
10172,판매자10172,com.sshmarket.auth.auth.adapter.out.persistent.entity.DocMember
10173,판매자10173,com.sshmarket.auth.auth.adapter.out.persistent.entity.DocMember
10174,판매자10174,com.sshmarket.auth.auth.adapter.out.persistent.entity.DocMember
10175,판매자10175,com.sshmarket.auth.auth.adapter.out.persistent.entity.DocMember
10176,판매자10176,com.sshmarket.auth.auth.adapter.out.persistent.entity.DocMember
10177,판매자10177,com.sshmarket.auth.auth.adapter.out.persistent.entity.DocMember
10178,판매자10178,com.sshmarket.auth.auth.adapter.out.persistent.entity.DocMember
10179,판매자10179,com.sshmarket.auth.auth.adapter.out.persistent.entity.DocMember
10180,판매자10180,com.sshmarket.auth.auth.adapter.out.persistent.entity.DocMember
10181,판매자10181,com.sshmarket.auth.auth.adapter.out.persistent.entity.DocMember
10182,판매자10182,com.sshmarket.auth.auth.adapter.out.persistent.entity.DocMember
10183,판매자10183,com.sshmarket.auth.auth.adapter.out.persistent.entity.DocMember
10184,판매자10184,com.sshmarket.auth.auth.adapter.out.persistent.entity.DocMember
10185,판매자10185,com.sshmarket.auth.auth.adapter.out.persistent.entity.DocMember
10186,판매자10186,com.sshmarket.auth.auth.adapter.out.persistent.entity.DocMember
10187,판매자10187,com.sshmarket.auth.auth.adapter.out.persistent.entity.DocMember
10188,판매자10188,com.sshmarket.auth.auth.adapter.out.persistent.entity.DocMember
10189,판매자10189,com.sshmarket.auth.auth.adapter.out.persistent.entity.DocMember
10190,판매자10190,com.sshmarket.auth.auth.adapter.out.persistent.entity.DocMember
10191,판매자10191,com.sshmarket.auth.auth.adapter.out.persistent.entity.DocMember
10192,판매자10192,com.sshmarket.auth.auth.adapter.out.persistent.entity.DocMember
10193,판매자10193,com.sshmarket.auth.auth.adapter.out.persistent.entity.DocMember
10194,판매자10194,com.sshmarket.auth.auth.adapter.out.persistent.entity.DocMember
10195,판매자10195,com.sshmarket.auth.auth.adapter.out.persistent.entity.DocMember
10196,판매자10196,com.sshmarket.auth.auth.adapter.out.persistent.entity.DocMember
10197,판매자10197,com.sshmarket.auth.auth.adapter.out.persistent.entity.DocMember
10198,판매자10198,com.sshmarket.auth.auth.adapter.out.persistent.entity.DocMember
10199,판매자10199,com.sshmarket.auth.auth.adapter.out.persistent.entity.DocMember
10200,판매자10200,com.sshmarket.auth.auth.adapter.out.persistent.entity.DocMember
10201,판매자10201,com.sshmarket.auth.auth.adapter.out.persistent.entity.DocMember
10202,판매자10202,com.sshmarket.auth.auth.adapter.out.persistent.entity.DocMember
10203,판매자10203,com.sshmarket.auth.auth.adapter.out.persistent.entity.DocMember
10204,판매자10204,com.sshmarket.auth.auth.adapter.out.persistent.entity.DocMember
10205,판매자10205,com.sshmarket.auth.auth.adapter.out.persistent.entity.DocMember
10206,판매자10206,com.sshmarket.auth.auth.adapter.out.persistent.entity.DocMember
10207,판매자10207,com.sshmarket.auth.auth.adapter.out.persistent.entity.DocMember
10208,판매자10208,com.sshmarket.auth.auth.adapter.out.persistent.entity.DocMember
10209,판매자10209,com.sshmarket.auth.auth.adapter.out.persistent.entity.DocMember
10210,판매자10210,com.sshmarket.auth.auth.adapter.out.persistent.entity.DocMember
10211,판매자10211,com.sshmarket.auth.auth.adapter.out.persistent.entity.DocMember
10212,판매자10212,com.sshmarket.auth.auth.adapter.out.persistent.entity.DocMember
10213,판매자10213,com.sshmarket.auth.auth.adapter.out.persistent.entity.DocMember
10214,판매자10214,com.sshmarket.auth.auth.adapter.out.persistent.entity.DocMember
10215,판매자10215,com.sshmarket.auth.auth.adapter.out.persistent.entity.DocMember
10216,판매자10216,com.sshmarket.auth.auth.adapter.out.persistent.entity.DocMember
10217,판매자10217,com.sshmarket.auth.auth.adapter.out.persistent.entity.DocMember
10218,판매자10218,com.sshmarket.auth.auth.adapter.out.persistent.entity.DocMember
10219,판매자10219,com.sshmarket.auth.auth.adapter.out.persistent.entity.DocMember
10220,판매자10220,com.sshmarket.auth.auth.adapter.out.persistent.entity.DocMember
10221,판매자10221,com.sshmarket.auth.auth.adapter.out.persistent.entity.DocMember
10222,판매자10222,com.sshmarket.auth.auth.adapter.out.persistent.entity.DocMember
10223,판매자10223,com.sshmarket.auth.auth.adapter.out.persistent.entity.DocMember
10224,판매자10224,com.sshmarket.auth.auth.adapter.out.persistent.entity.DocMember
10225,판매자10225,com.sshmarket.auth.auth.adapter.out.persistent.entity.DocMember
10226,판매자10226,com.sshmarket.auth.auth.adapter.out.persistent.entity.DocMember
10227,판매자10227,com.sshmarket.auth.auth.adapter.out.persistent.entity.DocMember
10228,판매자10228,com.sshmarket.auth.auth.adapter.out.persistent.entity.DocMember
10229,판매자10229,com.sshmarket.auth.auth.adapter.out.persistent.entity.DocMember
10230,판매자10230,com.sshmarket.auth.auth.adapter.out.persistent.entity.DocMember
10231,판매자10231,com.sshmarket.auth.auth.adapter.out.persistent.entity.DocMember
10232,판매자10232,com.sshmarket.auth.auth.adapter.out.persistent.entity.DocMember
10233,판매자10233,com.sshmarket.auth.auth.adapter.out.persistent.entity.DocMember
10234,판매자10234,com.sshmarket.auth.auth.adapter.out.persistent.entity.DocMember
10235,판매자10235,com.sshmarket.auth.auth.adapter.out.persistent.entity.DocMember
10236,판매자10236,com.sshmarket.auth.auth.adapter.out.persistent.entity.DocMember
10237,판매자10237,com.sshmarket.auth.auth.adapter.out.persistent.entity.DocMember
10238,판매자10238,com.sshmarket.auth.auth.adapter.out.persistent.entity.DocMember
10239,판매자10239,com.sshmarket.auth.auth.adapter.out.persistent.entity.DocMember
10240,판매자10240,com.sshmarket.auth.auth.adapter.out.persistent.entity.DocMember
10241,판매자10241,com.sshmarket.auth.auth.adapter.out.persistent.entity.DocMember
10242,판매자10242,com.sshmarket.auth.auth.adapter.out.persistent.entity.DocMember
10243,판매자10243,com.sshmarket.auth.auth.adapter.out.persistent.entity.DocMember
10244,판매자10244,com.sshmarket.auth.auth.adapter.out.persistent.entity.DocMember
10245,판매자10245,com.sshmarket.auth.auth.adapter.out.persistent.entity.DocMember
10246,판매자10246,com.sshmarket.auth.auth.adapter.out.persistent.entity.DocMember
10247,판매자10247,com.sshmarket.auth.auth.adapter.out.persistent.entity.DocMember
10248,판매자10248,com.sshmarket.auth.auth.adapter.out.persistent.entity.DocMember
10249,판매자10249,com.sshmarket.auth.auth.adapter.out.persistent.entity.DocMember
10250,판매자10250,com.sshmarket.auth.auth.adapter.out.persistent.entity.DocMember
10251,판매자10251,com.sshmarket.auth.auth.adapter.out.persistent.entity.DocMember
10252,판매자10252,com.sshmarket.auth.auth.adapter.out.persistent.entity.DocMember
10253,판매자10253,com.sshmarket.auth.auth.adapter.out.persistent.entity.DocMember
10254,판매자10254,com.sshmarket.auth.auth.adapter.out.persistent.entity.DocMember
10255,판매자10255,com.sshmarket.auth.auth.adapter.out.persistent.entity.DocMember
10256,판매자10256,com.sshmarket.auth.auth.adapter.out.persistent.entity.DocMember
10257,판매자10257,com.sshmarket.auth.auth.adapter.out.persistent.entity.DocMember
10258,판매자10258,com.sshmarket.auth.auth.adapter.out.persistent.entity.DocMember
10259,판매자10259,com.sshmarket.auth.auth.adapter.out.persistent.entity.DocMember
10260,판매자10260,com.sshmarket.auth.auth.adapter.out.persistent.entity.DocMember
10261,판매자10261,com.sshmarket.auth.auth.adapter.out.persistent.entity.DocMember
10262,판매자10262,com.sshmarket.auth.auth.adapter.out.persistent.entity.DocMember
10263,판매자10263,com.sshmarket.auth.auth.adapter.out.persistent.entity.DocMember
10264,판매자10264,com.sshmarket.auth.auth.adapter.out.persistent.entity.DocMember
10265,판매자10265,com.sshmarket.auth.auth.adapter.out.persistent.entity.DocMember
10266,판매자10266,com.sshmarket.auth.auth.adapter.out.persistent.entity.DocMember
10267,판매자10267,com.sshmarket.auth.auth.adapter.out.persistent.entity.DocMember
10268,판매자10268,com.sshmarket.auth.auth.adapter.out.persistent.entity.DocMember
10269,판매자10269,com.sshmarket.auth.auth.adapter.out.persistent.entity.DocMember
10270,판매자10270,com.sshmarket.auth.auth.adapter.out.persistent.entity.DocMember
10271,판매자10271,com.sshmarket.auth.auth.adapter.out.persistent.entity.DocMember
10272,판매자10272,com.sshmarket.auth.auth.adapter.out.persistent.entity.DocMember
10273,판매자10273,com.sshmarket.auth.auth.adapter.out.persistent.entity.DocMember
10274,판매자10274,com.sshmarket.auth.auth.adapter.out.persistent.entity.DocMember
10275,판매자10275,com.sshmarket.auth.auth.adapter.out.persistent.entity.DocMember
10276,판매자10276,com.sshmarket.auth.auth.adapter.out.persistent.entity.DocMember
10277,판매자10277,com.sshmarket.auth.auth.adapter.out.persistent.entity.DocMember
10278,판매자10278,com.sshmarket.auth.auth.adapter.out.persistent.entity.DocMember
10279,판매자10279,com.sshmarket.auth.auth.adapter.out.persistent.entity.DocMember
10280,판매자10280,com.sshmarket.auth.auth.adapter.out.persistent.entity.DocMember
10281,판매자10281,com.sshmarket.auth.auth.adapter.out.persistent.entity.DocMember
10282,판매자10282,com.sshmarket.auth.auth.adapter.out.persistent.entity.DocMember
10283,판매자10283,com.sshmarket.auth.auth.adapter.out.persistent.entity.DocMember
10284,판매자10284,com.sshmarket.auth.auth.adapter.out.persistent.entity.DocMember
10285,판매자10285,com.sshmarket.auth.auth.adapter.out.persistent.entity.DocMember
10286,판매자10286,com.sshmarket.auth.auth.adapter.out.persistent.entity.DocMember
10287,판매자10287,com.sshmarket.auth.auth.adapter.out.persistent.entity.DocMember
10288,판매자10288,com.sshmarket.auth.auth.adapter.out.persistent.entity.DocMember
10289,판매자10289,com.sshmarket.auth.auth.adapter.out.persistent.entity.DocMember
10290,판매자10290,com.sshmarket.auth.auth.adapter.out.persistent.entity.DocMember
10291,판매자10291,com.sshmarket.auth.auth.adapter.out.persistent.entity.DocMember
10292,판매자10292,com.sshmarket.auth.auth.adapter.out.persistent.entity.DocMember
10293,판매자10293,com.sshmarket.auth.auth.adapter.out.persistent.entity.DocMember
10294,판매자10294,com.sshmarket.auth.auth.adapter.out.persistent.entity.DocMember
10295,판매자10295,com.sshmarket.auth.auth.adapter.out.persistent.entity.DocMember
10296,판매자10296,com.sshmarket.auth.auth.adapter.out.persistent.entity.DocMember
10297,판매자10297,com.sshmarket.auth.auth.adapter.out.persistent.entity.DocMember
10298,판매자10298,com.sshmarket.auth.auth.adapter.out.persistent.entity.DocMember
10299,판매자10299,com.sshmarket.auth.auth.adapter.out.persistent.entity.DocMember
10300,판매자10300,com.sshmarket.auth.auth.adapter.out.persistent.entity.DocMember
10301,판매자10301,com.sshmarket.auth.auth.adapter.out.persistent.entity.DocMember
10302,판매자10302,com.sshmarket.auth.auth.adapter.out.persistent.entity.DocMember
10303,판매자10303,com.sshmarket.auth.auth.adapter.out.persistent.entity.DocMember
10304,판매자10304,com.sshmarket.auth.auth.adapter.out.persistent.entity.DocMember
10305,판매자10305,com.sshmarket.auth.auth.adapter.out.persistent.entity.DocMember
10306,판매자10306,com.sshmarket.auth.auth.adapter.out.persistent.entity.DocMember
10307,판매자10307,com.sshmarket.auth.auth.adapter.out.persistent.entity.DocMember
10308,판매자10308,com.sshmarket.auth.auth.adapter.out.persistent.entity.DocMember
10309,판매자10309,com.sshmarket.auth.auth.adapter.out.persistent.entity.DocMember
10310,판매자10310,com.sshmarket.auth.auth.adapter.out.persistent.entity.DocMember
10311,판매자10311,com.sshmarket.auth.auth.adapter.out.persistent.entity.DocMember
10312,판매자10312,com.sshmarket.auth.auth.adapter.out.persistent.entity.DocMember
10313,판매자10313,com.sshmarket.auth.auth.adapter.out.persistent.entity.DocMember
10314,판매자10314,com.sshmarket.auth.auth.adapter.out.persistent.entity.DocMember
10315,판매자10315,com.sshmarket.auth.auth.adapter.out.persistent.entity.DocMember
10316,판매자10316,com.sshmarket.auth.auth.adapter.out.persistent.entity.DocMember
10317,판매자10317,com.sshmarket.auth.auth.adapter.out.persistent.entity.DocMember
10318,판매자10318,com.sshmarket.auth.auth.adapter.out.persistent.entity.DocMember
10319,판매자10319,com.sshmarket.auth.auth.adapter.out.persistent.entity.DocMember
10320,판매자10320,com.sshmarket.auth.auth.adapter.out.persistent.entity.DocMember
10321,판매자10321,com.sshmarket.auth.auth.adapter.out.persistent.entity.DocMember
10322,판매자10322,com.sshmarket.auth.auth.adapter.out.persistent.entity.DocMember
10323,판매자10323,com.sshmarket.auth.auth.adapter.out.persistent.entity.DocMember
10324,판매자10324,com.sshmarket.auth.auth.adapter.out.persistent.entity.DocMember
10325,판매자10325,com.sshmarket.auth.auth.adapter.out.persistent.entity.DocMember
10326,판매자10326,com.sshmarket.auth.auth.adapter.out.persistent.entity.DocMember
10327,판매자10327,com.sshmarket.auth.auth.adapter.out.persistent.entity.DocMember
10328,판매자10328,com.sshmarket.auth.auth.adapter.out.persistent.entity.DocMember
10329,판매자10329,com.sshmarket.auth.auth.adapter.out.persistent.entity.DocMember
10330,판매자10330,com.sshmarket.auth.auth.adapter.out.persistent.entity.DocMember
10331,판매자10331,com.sshmarket.auth.auth.adapter.out.persistent.entity.DocMember
10332,판매자10332,com.sshmarket.auth.auth.adapter.out.persistent.entity.DocMember
10333,판매자10333,com.sshmarket.auth.auth.adapter.out.persistent.entity.DocMember
10334,판매자10334,com.sshmarket.auth.auth.adapter.out.persistent.entity.DocMember
10335,판매자10335,com.sshmarket.auth.auth.adapter.out.persistent.entity.DocMember
10336,판매자10336,com.sshmarket.auth.auth.adapter.out.persistent.entity.DocMember
10337,판매자10337,com.sshmarket.auth.auth.adapter.out.persistent.entity.DocMember
10338,판매자10338,com.sshmarket.auth.auth.adapter.out.persistent.entity.DocMember
10339,판매자10339,com.sshmarket.auth.auth.adapter.out.persistent.entity.DocMember
10340,판매자10340,com.sshmarket.auth.auth.adapter.out.persistent.entity.DocMember
10341,판매자10341,com.sshmarket.auth.auth.adapter.out.persistent.entity.DocMember
10342,판매자10342,com.sshmarket.auth.auth.adapter.out.persistent.entity.DocMember
10343,판매자10343,com.sshmarket.auth.auth.adapter.out.persistent.entity.DocMember
10344,판매자10344,com.sshmarket.auth.auth.adapter.out.persistent.entity.DocMember
10345,판매자10345,com.sshmarket.auth.auth.adapter.out.persistent.entity.DocMember
10346,판매자10346,com.sshmarket.auth.auth.adapter.out.persistent.entity.DocMember
10347,판매자10347,com.sshmarket.auth.auth.adapter.out.persistent.entity.DocMember
10348,판매자10348,com.sshmarket.auth.auth.adapter.out.persistent.entity.DocMember
10349,판매자10349,com.sshmarket.auth.auth.adapter.out.persistent.entity.DocMember
10350,판매자10350,com.sshmarket.auth.auth.adapter.out.persistent.entity.DocMember
10351,판매자10351,com.sshmarket.auth.auth.adapter.out.persistent.entity.DocMember
10352,판매자10352,com.sshmarket.auth.auth.adapter.out.persistent.entity.DocMember
10353,판매자10353,com.sshmarket.auth.auth.adapter.out.persistent.entity.DocMember
10354,판매자10354,com.sshmarket.auth.auth.adapter.out.persistent.entity.DocMember
10355,판매자10355,com.sshmarket.auth.auth.adapter.out.persistent.entity.DocMember
10356,판매자10356,com.sshmarket.auth.auth.adapter.out.persistent.entity.DocMember
10357,판매자10357,com.sshmarket.auth.auth.adapter.out.persistent.entity.DocMember
10358,판매자10358,com.sshmarket.auth.auth.adapter.out.persistent.entity.DocMember
10359,판매자10359,com.sshmarket.auth.auth.adapter.out.persistent.entity.DocMember
10360,판매자10360,com.sshmarket.auth.auth.adapter.out.persistent.entity.DocMember
10361,판매자10361,com.sshmarket.auth.auth.adapter.out.persistent.entity.DocMember
10362,판매자10362,com.sshmarket.auth.auth.adapter.out.persistent.entity.DocMember
10363,판매자10363,com.sshmarket.auth.auth.adapter.out.persistent.entity.DocMember
10364,판매자10364,com.sshmarket.auth.auth.adapter.out.persistent.entity.DocMember
10365,판매자10365,com.sshmarket.auth.auth.adapter.out.persistent.entity.DocMember
10366,판매자10366,com.sshmarket.auth.auth.adapter.out.persistent.entity.DocMember
10367,판매자10367,com.sshmarket.auth.auth.adapter.out.persistent.entity.DocMember
10368,판매자10368,com.sshmarket.auth.auth.adapter.out.persistent.entity.DocMember
10369,판매자10369,com.sshmarket.auth.auth.adapter.out.persistent.entity.DocMember
10370,판매자10370,com.sshmarket.auth.auth.adapter.out.persistent.entity.DocMember
10371,판매자10371,com.sshmarket.auth.auth.adapter.out.persistent.entity.DocMember
10372,판매자10372,com.sshmarket.auth.auth.adapter.out.persistent.entity.DocMember
10373,판매자10373,com.sshmarket.auth.auth.adapter.out.persistent.entity.DocMember
10374,판매자10374,com.sshmarket.auth.auth.adapter.out.persistent.entity.DocMember
10375,판매자10375,com.sshmarket.auth.auth.adapter.out.persistent.entity.DocMember
10376,판매자10376,com.sshmarket.auth.auth.adapter.out.persistent.entity.DocMember
10377,판매자10377,com.sshmarket.auth.auth.adapter.out.persistent.entity.DocMember
10378,판매자10378,com.sshmarket.auth.auth.adapter.out.persistent.entity.DocMember
10379,판매자10379,com.sshmarket.auth.auth.adapter.out.persistent.entity.DocMember
10380,판매자10380,com.sshmarket.auth.auth.adapter.out.persistent.entity.DocMember
10381,판매자10381,com.sshmarket.auth.auth.adapter.out.persistent.entity.DocMember
10382,판매자10382,com.sshmarket.auth.auth.adapter.out.persistent.entity.DocMember
10383,판매자10383,com.sshmarket.auth.auth.adapter.out.persistent.entity.DocMember
10384,판매자10384,com.sshmarket.auth.auth.adapter.out.persistent.entity.DocMember
10385,판매자10385,com.sshmarket.auth.auth.adapter.out.persistent.entity.DocMember
10386,판매자10386,com.sshmarket.auth.auth.adapter.out.persistent.entity.DocMember
10387,판매자10387,com.sshmarket.auth.auth.adapter.out.persistent.entity.DocMember
10388,판매자10388,com.sshmarket.auth.auth.adapter.out.persistent.entity.DocMember
10389,판매자10389,com.sshmarket.auth.auth.adapter.out.persistent.entity.DocMember
10390,판매자10390,com.sshmarket.auth.auth.adapter.out.persistent.entity.DocMember
10391,판매자10391,com.sshmarket.auth.auth.adapter.out.persistent.entity.DocMember
10392,판매자10392,com.sshmarket.auth.auth.adapter.out.persistent.entity.DocMember
10393,판매자10393,com.sshmarket.auth.auth.adapter.out.persistent.entity.DocMember
10394,판매자10394,com.sshmarket.auth.auth.adapter.out.persistent.entity.DocMember
10395,판매자10395,com.sshmarket.auth.auth.adapter.out.persistent.entity.DocMember
10396,판매자10396,com.sshmarket.auth.auth.adapter.out.persistent.entity.DocMember
10397,판매자10397,com.sshmarket.auth.auth.adapter.out.persistent.entity.DocMember
10398,판매자10398,com.sshmarket.auth.auth.adapter.out.persistent.entity.DocMember
10399,판매자10399,com.sshmarket.auth.auth.adapter.out.persistent.entity.DocMember
10400,판매자10400,com.sshmarket.auth.auth.adapter.out.persistent.entity.DocMember
10401,판매자10401,com.sshmarket.auth.auth.adapter.out.persistent.entity.DocMember
10402,판매자10402,com.sshmarket.auth.auth.adapter.out.persistent.entity.DocMember
10403,판매자10403,com.sshmarket.auth.auth.adapter.out.persistent.entity.DocMember
10404,판매자10404,com.sshmarket.auth.auth.adapter.out.persistent.entity.DocMember
10405,판매자10405,com.sshmarket.auth.auth.adapter.out.persistent.entity.DocMember
10406,판매자10406,com.sshmarket.auth.auth.adapter.out.persistent.entity.DocMember
10407,판매자10407,com.sshmarket.auth.auth.adapter.out.persistent.entity.DocMember
10408,판매자10408,com.sshmarket.auth.auth.adapter.out.persistent.entity.DocMember
10409,판매자10409,com.sshmarket.auth.auth.adapter.out.persistent.entity.DocMember
10410,판매자10410,com.sshmarket.auth.auth.adapter.out.persistent.entity.DocMember
10411,판매자10411,com.sshmarket.auth.auth.adapter.out.persistent.entity.DocMember
10412,판매자10412,com.sshmarket.auth.auth.adapter.out.persistent.entity.DocMember
10413,판매자10413,com.sshmarket.auth.auth.adapter.out.persistent.entity.DocMember
10414,판매자10414,com.sshmarket.auth.auth.adapter.out.persistent.entity.DocMember
10415,판매자10415,com.sshmarket.auth.auth.adapter.out.persistent.entity.DocMember
10416,판매자10416,com.sshmarket.auth.auth.adapter.out.persistent.entity.DocMember
10417,판매자10417,com.sshmarket.auth.auth.adapter.out.persistent.entity.DocMember
10418,판매자10418,com.sshmarket.auth.auth.adapter.out.persistent.entity.DocMember
10419,판매자10419,com.sshmarket.auth.auth.adapter.out.persistent.entity.DocMember
10420,판매자10420,com.sshmarket.auth.auth.adapter.out.persistent.entity.DocMember
10421,판매자10421,com.sshmarket.auth.auth.adapter.out.persistent.entity.DocMember
10422,판매자10422,com.sshmarket.auth.auth.adapter.out.persistent.entity.DocMember
10423,판매자10423,com.sshmarket.auth.auth.adapter.out.persistent.entity.DocMember
10424,판매자10424,com.sshmarket.auth.auth.adapter.out.persistent.entity.DocMember
10425,판매자10425,com.sshmarket.auth.auth.adapter.out.persistent.entity.DocMember
10426,판매자10426,com.sshmarket.auth.auth.adapter.out.persistent.entity.DocMember
10427,판매자10427,com.sshmarket.auth.auth.adapter.out.persistent.entity.DocMember
10428,판매자10428,com.sshmarket.auth.auth.adapter.out.persistent.entity.DocMember
10429,판매자10429,com.sshmarket.auth.auth.adapter.out.persistent.entity.DocMember
10430,판매자10430,com.sshmarket.auth.auth.adapter.out.persistent.entity.DocMember
10431,판매자10431,com.sshmarket.auth.auth.adapter.out.persistent.entity.DocMember
10432,판매자10432,com.sshmarket.auth.auth.adapter.out.persistent.entity.DocMember
10433,판매자10433,com.sshmarket.auth.auth.adapter.out.persistent.entity.DocMember
10434,판매자10434,com.sshmarket.auth.auth.adapter.out.persistent.entity.DocMember
10435,판매자10435,com.sshmarket.auth.auth.adapter.out.persistent.entity.DocMember
10436,판매자10436,com.sshmarket.auth.auth.adapter.out.persistent.entity.DocMember
10437,판매자10437,com.sshmarket.auth.auth.adapter.out.persistent.entity.DocMember
10438,판매자10438,com.sshmarket.auth.auth.adapter.out.persistent.entity.DocMember
10439,판매자10439,com.sshmarket.auth.auth.adapter.out.persistent.entity.DocMember
10440,판매자10440,com.sshmarket.auth.auth.adapter.out.persistent.entity.DocMember
10441,판매자10441,com.sshmarket.auth.auth.adapter.out.persistent.entity.DocMember
10442,판매자10442,com.sshmarket.auth.auth.adapter.out.persistent.entity.DocMember
10443,판매자10443,com.sshmarket.auth.auth.adapter.out.persistent.entity.DocMember
10444,판매자10444,com.sshmarket.auth.auth.adapter.out.persistent.entity.DocMember
10445,판매자10445,com.sshmarket.auth.auth.adapter.out.persistent.entity.DocMember
10446,판매자10446,com.sshmarket.auth.auth.adapter.out.persistent.entity.DocMember
10447,판매자10447,com.sshmarket.auth.auth.adapter.out.persistent.entity.DocMember
10448,판매자10448,com.sshmarket.auth.auth.adapter.out.persistent.entity.DocMember
10449,판매자10449,com.sshmarket.auth.auth.adapter.out.persistent.entity.DocMember
10450,판매자10450,com.sshmarket.auth.auth.adapter.out.persistent.entity.DocMember
10451,판매자10451,com.sshmarket.auth.auth.adapter.out.persistent.entity.DocMember
10452,판매자10452,com.sshmarket.auth.auth.adapter.out.persistent.entity.DocMember
10453,판매자10453,com.sshmarket.auth.auth.adapter.out.persistent.entity.DocMember
10454,판매자10454,com.sshmarket.auth.auth.adapter.out.persistent.entity.DocMember
10455,판매자10455,com.sshmarket.auth.auth.adapter.out.persistent.entity.DocMember
10456,판매자10456,com.sshmarket.auth.auth.adapter.out.persistent.entity.DocMember
10457,판매자10457,com.sshmarket.auth.auth.adapter.out.persistent.entity.DocMember
10458,판매자10458,com.sshmarket.auth.auth.adapter.out.persistent.entity.DocMember
10459,판매자10459,com.sshmarket.auth.auth.adapter.out.persistent.entity.DocMember
10460,판매자10460,com.sshmarket.auth.auth.adapter.out.persistent.entity.DocMember
10461,판매자10461,com.sshmarket.auth.auth.adapter.out.persistent.entity.DocMember
10462,판매자10462,com.sshmarket.auth.auth.adapter.out.persistent.entity.DocMember
10463,판매자10463,com.sshmarket.auth.auth.adapter.out.persistent.entity.DocMember
10464,판매자10464,com.sshmarket.auth.auth.adapter.out.persistent.entity.DocMember
10465,판매자10465,com.sshmarket.auth.auth.adapter.out.persistent.entity.DocMember
10466,판매자10466,com.sshmarket.auth.auth.adapter.out.persistent.entity.DocMember
10467,판매자10467,com.sshmarket.auth.auth.adapter.out.persistent.entity.DocMember
10468,판매자10468,com.sshmarket.auth.auth.adapter.out.persistent.entity.DocMember
10469,판매자10469,com.sshmarket.auth.auth.adapter.out.persistent.entity.DocMember
10470,판매자10470,com.sshmarket.auth.auth.adapter.out.persistent.entity.DocMember
10471,판매자10471,com.sshmarket.auth.auth.adapter.out.persistent.entity.DocMember
10472,판매자10472,com.sshmarket.auth.auth.adapter.out.persistent.entity.DocMember
10473,판매자10473,com.sshmarket.auth.auth.adapter.out.persistent.entity.DocMember
10474,판매자10474,com.sshmarket.auth.auth.adapter.out.persistent.entity.DocMember
10475,판매자10475,com.sshmarket.auth.auth.adapter.out.persistent.entity.DocMember
10476,판매자10476,com.sshmarket.auth.auth.adapter.out.persistent.entity.DocMember
10477,판매자10477,com.sshmarket.auth.auth.adapter.out.persistent.entity.DocMember
10478,판매자10478,com.sshmarket.auth.auth.adapter.out.persistent.entity.DocMember
10479,판매자10479,com.sshmarket.auth.auth.adapter.out.persistent.entity.DocMember
10480,판매자10480,com.sshmarket.auth.auth.adapter.out.persistent.entity.DocMember
10481,판매자10481,com.sshmarket.auth.auth.adapter.out.persistent.entity.DocMember
10482,판매자10482,com.sshmarket.auth.auth.adapter.out.persistent.entity.DocMember
10483,판매자10483,com.sshmarket.auth.auth.adapter.out.persistent.entity.DocMember
10484,판매자10484,com.sshmarket.auth.auth.adapter.out.persistent.entity.DocMember
10485,판매자10485,com.sshmarket.auth.auth.adapter.out.persistent.entity.DocMember
10486,판매자10486,com.sshmarket.auth.auth.adapter.out.persistent.entity.DocMember
10487,판매자10487,com.sshmarket.auth.auth.adapter.out.persistent.entity.DocMember
10488,판매자10488,com.sshmarket.auth.auth.adapter.out.persistent.entity.DocMember
10489,판매자10489,com.sshmarket.auth.auth.adapter.out.persistent.entity.DocMember
10490,판매자10490,com.sshmarket.auth.auth.adapter.out.persistent.entity.DocMember
10491,판매자10491,com.sshmarket.auth.auth.adapter.out.persistent.entity.DocMember
10492,판매자10492,com.sshmarket.auth.auth.adapter.out.persistent.entity.DocMember
10493,판매자10493,com.sshmarket.auth.auth.adapter.out.persistent.entity.DocMember
10494,판매자10494,com.sshmarket.auth.auth.adapter.out.persistent.entity.DocMember
10495,판매자10495,com.sshmarket.auth.auth.adapter.out.persistent.entity.DocMember
10496,판매자10496,com.sshmarket.auth.auth.adapter.out.persistent.entity.DocMember
10497,판매자10497,com.sshmarket.auth.auth.adapter.out.persistent.entity.DocMember
10498,판매자10498,com.sshmarket.auth.auth.adapter.out.persistent.entity.DocMember
10499,판매자10499,com.sshmarket.auth.auth.adapter.out.persistent.entity.DocMember
10500,판매자10500,com.sshmarket.auth.auth.adapter.out.persistent.entity.DocMember
10501,판매자10501,com.sshmarket.auth.auth.adapter.out.persistent.entity.DocMember
10502,판매자10502,com.sshmarket.auth.auth.adapter.out.persistent.entity.DocMember
10503,판매자10503,com.sshmarket.auth.auth.adapter.out.persistent.entity.DocMember
10504,판매자10504,com.sshmarket.auth.auth.adapter.out.persistent.entity.DocMember
10505,판매자10505,com.sshmarket.auth.auth.adapter.out.persistent.entity.DocMember
10506,판매자10506,com.sshmarket.auth.auth.adapter.out.persistent.entity.DocMember
10507,판매자10507,com.sshmarket.auth.auth.adapter.out.persistent.entity.DocMember
10508,판매자10508,com.sshmarket.auth.auth.adapter.out.persistent.entity.DocMember
10509,판매자10509,com.sshmarket.auth.auth.adapter.out.persistent.entity.DocMember
10510,판매자10510,com.sshmarket.auth.auth.adapter.out.persistent.entity.DocMember
10511,판매자10511,com.sshmarket.auth.auth.adapter.out.persistent.entity.DocMember
10512,판매자10512,com.sshmarket.auth.auth.adapter.out.persistent.entity.DocMember
10513,판매자10513,com.sshmarket.auth.auth.adapter.out.persistent.entity.DocMember
10514,판매자10514,com.sshmarket.auth.auth.adapter.out.persistent.entity.DocMember
10515,판매자10515,com.sshmarket.auth.auth.adapter.out.persistent.entity.DocMember
10516,판매자10516,com.sshmarket.auth.auth.adapter.out.persistent.entity.DocMember
10517,판매자10517,com.sshmarket.auth.auth.adapter.out.persistent.entity.DocMember
10518,판매자10518,com.sshmarket.auth.auth.adapter.out.persistent.entity.DocMember
10519,판매자10519,com.sshmarket.auth.auth.adapter.out.persistent.entity.DocMember
10520,판매자10520,com.sshmarket.auth.auth.adapter.out.persistent.entity.DocMember
10521,판매자10521,com.sshmarket.auth.auth.adapter.out.persistent.entity.DocMember
10522,판매자10522,com.sshmarket.auth.auth.adapter.out.persistent.entity.DocMember
10523,판매자10523,com.sshmarket.auth.auth.adapter.out.persistent.entity.DocMember
10524,판매자10524,com.sshmarket.auth.auth.adapter.out.persistent.entity.DocMember
10525,판매자10525,com.sshmarket.auth.auth.adapter.out.persistent.entity.DocMember
10526,판매자10526,com.sshmarket.auth.auth.adapter.out.persistent.entity.DocMember
10527,판매자10527,com.sshmarket.auth.auth.adapter.out.persistent.entity.DocMember
10528,판매자10528,com.sshmarket.auth.auth.adapter.out.persistent.entity.DocMember
10529,판매자10529,com.sshmarket.auth.auth.adapter.out.persistent.entity.DocMember
10530,판매자10530,com.sshmarket.auth.auth.adapter.out.persistent.entity.DocMember
10531,판매자10531,com.sshmarket.auth.auth.adapter.out.persistent.entity.DocMember
10532,판매자10532,com.sshmarket.auth.auth.adapter.out.persistent.entity.DocMember
10533,판매자10533,com.sshmarket.auth.auth.adapter.out.persistent.entity.DocMember
10534,판매자10534,com.sshmarket.auth.auth.adapter.out.persistent.entity.DocMember
10535,판매자10535,com.sshmarket.auth.auth.adapter.out.persistent.entity.DocMember
10536,판매자10536,com.sshmarket.auth.auth.adapter.out.persistent.entity.DocMember
10537,판매자10537,com.sshmarket.auth.auth.adapter.out.persistent.entity.DocMember
10538,판매자10538,com.sshmarket.auth.auth.adapter.out.persistent.entity.DocMember
10539,판매자10539,com.sshmarket.auth.auth.adapter.out.persistent.entity.DocMember
10540,판매자10540,com.sshmarket.auth.auth.adapter.out.persistent.entity.DocMember
10541,판매자10541,com.sshmarket.auth.auth.adapter.out.persistent.entity.DocMember
10542,판매자10542,com.sshmarket.auth.auth.adapter.out.persistent.entity.DocMember
10543,판매자10543,com.sshmarket.auth.auth.adapter.out.persistent.entity.DocMember
10544,판매자10544,com.sshmarket.auth.auth.adapter.out.persistent.entity.DocMember
10545,판매자10545,com.sshmarket.auth.auth.adapter.out.persistent.entity.DocMember
10546,판매자10546,com.sshmarket.auth.auth.adapter.out.persistent.entity.DocMember
10547,판매자10547,com.sshmarket.auth.auth.adapter.out.persistent.entity.DocMember
10548,판매자10548,com.sshmarket.auth.auth.adapter.out.persistent.entity.DocMember
10549,판매자10549,com.sshmarket.auth.auth.adapter.out.persistent.entity.DocMember
10550,판매자10550,com.sshmarket.auth.auth.adapter.out.persistent.entity.DocMember
10551,판매자10551,com.sshmarket.auth.auth.adapter.out.persistent.entity.DocMember
10552,판매자10552,com.sshmarket.auth.auth.adapter.out.persistent.entity.DocMember
10553,판매자10553,com.sshmarket.auth.auth.adapter.out.persistent.entity.DocMember
10554,판매자10554,com.sshmarket.auth.auth.adapter.out.persistent.entity.DocMember
10555,판매자10555,com.sshmarket.auth.auth.adapter.out.persistent.entity.DocMember
10556,판매자10556,com.sshmarket.auth.auth.adapter.out.persistent.entity.DocMember
10557,판매자10557,com.sshmarket.auth.auth.adapter.out.persistent.entity.DocMember
10558,판매자10558,com.sshmarket.auth.auth.adapter.out.persistent.entity.DocMember
10559,판매자10559,com.sshmarket.auth.auth.adapter.out.persistent.entity.DocMember
10560,판매자10560,com.sshmarket.auth.auth.adapter.out.persistent.entity.DocMember
10561,판매자10561,com.sshmarket.auth.auth.adapter.out.persistent.entity.DocMember
10562,판매자10562,com.sshmarket.auth.auth.adapter.out.persistent.entity.DocMember
10563,판매자10563,com.sshmarket.auth.auth.adapter.out.persistent.entity.DocMember
10564,판매자10564,com.sshmarket.auth.auth.adapter.out.persistent.entity.DocMember
10565,판매자10565,com.sshmarket.auth.auth.adapter.out.persistent.entity.DocMember
10566,판매자10566,com.sshmarket.auth.auth.adapter.out.persistent.entity.DocMember
10567,판매자10567,com.sshmarket.auth.auth.adapter.out.persistent.entity.DocMember
10568,판매자10568,com.sshmarket.auth.auth.adapter.out.persistent.entity.DocMember
10569,판매자10569,com.sshmarket.auth.auth.adapter.out.persistent.entity.DocMember
10570,판매자10570,com.sshmarket.auth.auth.adapter.out.persistent.entity.DocMember
10571,판매자10571,com.sshmarket.auth.auth.adapter.out.persistent.entity.DocMember
10572,판매자10572,com.sshmarket.auth.auth.adapter.out.persistent.entity.DocMember
10573,판매자10573,com.sshmarket.auth.auth.adapter.out.persistent.entity.DocMember
10574,판매자10574,com.sshmarket.auth.auth.adapter.out.persistent.entity.DocMember
10575,판매자10575,com.sshmarket.auth.auth.adapter.out.persistent.entity.DocMember
10576,판매자10576,com.sshmarket.auth.auth.adapter.out.persistent.entity.DocMember
10577,판매자10577,com.sshmarket.auth.auth.adapter.out.persistent.entity.DocMember
10578,판매자10578,com.sshmarket.auth.auth.adapter.out.persistent.entity.DocMember
10579,판매자10579,com.sshmarket.auth.auth.adapter.out.persistent.entity.DocMember
10580,판매자10580,com.sshmarket.auth.auth.adapter.out.persistent.entity.DocMember
10581,판매자10581,com.sshmarket.auth.auth.adapter.out.persistent.entity.DocMember
10582,판매자10582,com.sshmarket.auth.auth.adapter.out.persistent.entity.DocMember
10583,판매자10583,com.sshmarket.auth.auth.adapter.out.persistent.entity.DocMember
10584,판매자10584,com.sshmarket.auth.auth.adapter.out.persistent.entity.DocMember
10585,판매자10585,com.sshmarket.auth.auth.adapter.out.persistent.entity.DocMember
10586,판매자10586,com.sshmarket.auth.auth.adapter.out.persistent.entity.DocMember
10587,판매자10587,com.sshmarket.auth.auth.adapter.out.persistent.entity.DocMember
10588,판매자10588,com.sshmarket.auth.auth.adapter.out.persistent.entity.DocMember
10589,판매자10589,com.sshmarket.auth.auth.adapter.out.persistent.entity.DocMember
10590,판매자10590,com.sshmarket.auth.auth.adapter.out.persistent.entity.DocMember
10591,판매자10591,com.sshmarket.auth.auth.adapter.out.persistent.entity.DocMember
10592,판매자10592,com.sshmarket.auth.auth.adapter.out.persistent.entity.DocMember
10593,판매자10593,com.sshmarket.auth.auth.adapter.out.persistent.entity.DocMember
10594,판매자10594,com.sshmarket.auth.auth.adapter.out.persistent.entity.DocMember
10595,판매자10595,com.sshmarket.auth.auth.adapter.out.persistent.entity.DocMember
10596,판매자10596,com.sshmarket.auth.auth.adapter.out.persistent.entity.DocMember
10597,판매자10597,com.sshmarket.auth.auth.adapter.out.persistent.entity.DocMember
10598,판매자10598,com.sshmarket.auth.auth.adapter.out.persistent.entity.DocMember
10599,판매자10599,com.sshmarket.auth.auth.adapter.out.persistent.entity.DocMember
10600,판매자10600,com.sshmarket.auth.auth.adapter.out.persistent.entity.DocMember
10601,판매자10601,com.sshmarket.auth.auth.adapter.out.persistent.entity.DocMember
10602,판매자10602,com.sshmarket.auth.auth.adapter.out.persistent.entity.DocMember
10603,판매자10603,com.sshmarket.auth.auth.adapter.out.persistent.entity.DocMember
10604,판매자10604,com.sshmarket.auth.auth.adapter.out.persistent.entity.DocMember
10605,판매자10605,com.sshmarket.auth.auth.adapter.out.persistent.entity.DocMember
10606,판매자10606,com.sshmarket.auth.auth.adapter.out.persistent.entity.DocMember
10607,판매자10607,com.sshmarket.auth.auth.adapter.out.persistent.entity.DocMember
10608,판매자10608,com.sshmarket.auth.auth.adapter.out.persistent.entity.DocMember
10609,판매자10609,com.sshmarket.auth.auth.adapter.out.persistent.entity.DocMember
10610,판매자10610,com.sshmarket.auth.auth.adapter.out.persistent.entity.DocMember
10611,판매자10611,com.sshmarket.auth.auth.adapter.out.persistent.entity.DocMember
10612,판매자10612,com.sshmarket.auth.auth.adapter.out.persistent.entity.DocMember
10613,판매자10613,com.sshmarket.auth.auth.adapter.out.persistent.entity.DocMember
10614,판매자10614,com.sshmarket.auth.auth.adapter.out.persistent.entity.DocMember
10615,판매자10615,com.sshmarket.auth.auth.adapter.out.persistent.entity.DocMember
10616,판매자10616,com.sshmarket.auth.auth.adapter.out.persistent.entity.DocMember
10617,판매자10617,com.sshmarket.auth.auth.adapter.out.persistent.entity.DocMember
10618,판매자10618,com.sshmarket.auth.auth.adapter.out.persistent.entity.DocMember
10619,판매자10619,com.sshmarket.auth.auth.adapter.out.persistent.entity.DocMember
10620,판매자10620,com.sshmarket.auth.auth.adapter.out.persistent.entity.DocMember
10621,판매자10621,com.sshmarket.auth.auth.adapter.out.persistent.entity.DocMember
10622,판매자10622,com.sshmarket.auth.auth.adapter.out.persistent.entity.DocMember
10623,판매자10623,com.sshmarket.auth.auth.adapter.out.persistent.entity.DocMember
10624,판매자10624,com.sshmarket.auth.auth.adapter.out.persistent.entity.DocMember
10625,판매자10625,com.sshmarket.auth.auth.adapter.out.persistent.entity.DocMember
10626,판매자10626,com.sshmarket.auth.auth.adapter.out.persistent.entity.DocMember
10627,판매자10627,com.sshmarket.auth.auth.adapter.out.persistent.entity.DocMember
10628,판매자10628,com.sshmarket.auth.auth.adapter.out.persistent.entity.DocMember
10629,판매자10629,com.sshmarket.auth.auth.adapter.out.persistent.entity.DocMember
10630,판매자10630,com.sshmarket.auth.auth.adapter.out.persistent.entity.DocMember
10631,판매자10631,com.sshmarket.auth.auth.adapter.out.persistent.entity.DocMember
10632,판매자10632,com.sshmarket.auth.auth.adapter.out.persistent.entity.DocMember
10633,판매자10633,com.sshmarket.auth.auth.adapter.out.persistent.entity.DocMember
10634,판매자10634,com.sshmarket.auth.auth.adapter.out.persistent.entity.DocMember
10635,판매자10635,com.sshmarket.auth.auth.adapter.out.persistent.entity.DocMember
10636,판매자10636,com.sshmarket.auth.auth.adapter.out.persistent.entity.DocMember
10637,판매자10637,com.sshmarket.auth.auth.adapter.out.persistent.entity.DocMember
10638,판매자10638,com.sshmarket.auth.auth.adapter.out.persistent.entity.DocMember
10639,판매자10639,com.sshmarket.auth.auth.adapter.out.persistent.entity.DocMember
10640,판매자10640,com.sshmarket.auth.auth.adapter.out.persistent.entity.DocMember
10641,판매자10641,com.sshmarket.auth.auth.adapter.out.persistent.entity.DocMember
10642,판매자10642,com.sshmarket.auth.auth.adapter.out.persistent.entity.DocMember
10643,판매자10643,com.sshmarket.auth.auth.adapter.out.persistent.entity.DocMember
10644,판매자10644,com.sshmarket.auth.auth.adapter.out.persistent.entity.DocMember
10645,판매자10645,com.sshmarket.auth.auth.adapter.out.persistent.entity.DocMember
10646,판매자10646,com.sshmarket.auth.auth.adapter.out.persistent.entity.DocMember
10647,판매자10647,com.sshmarket.auth.auth.adapter.out.persistent.entity.DocMember
10648,판매자10648,com.sshmarket.auth.auth.adapter.out.persistent.entity.DocMember
10649,판매자10649,com.sshmarket.auth.auth.adapter.out.persistent.entity.DocMember
10650,판매자10650,com.sshmarket.auth.auth.adapter.out.persistent.entity.DocMember
10651,판매자10651,com.sshmarket.auth.auth.adapter.out.persistent.entity.DocMember
10652,판매자10652,com.sshmarket.auth.auth.adapter.out.persistent.entity.DocMember
10653,판매자10653,com.sshmarket.auth.auth.adapter.out.persistent.entity.DocMember
10654,판매자10654,com.sshmarket.auth.auth.adapter.out.persistent.entity.DocMember
10655,판매자10655,com.sshmarket.auth.auth.adapter.out.persistent.entity.DocMember
10656,판매자10656,com.sshmarket.auth.auth.adapter.out.persistent.entity.DocMember
10657,판매자10657,com.sshmarket.auth.auth.adapter.out.persistent.entity.DocMember
10658,판매자10658,com.sshmarket.auth.auth.adapter.out.persistent.entity.DocMember
10659,판매자10659,com.sshmarket.auth.auth.adapter.out.persistent.entity.DocMember
10660,판매자10660,com.sshmarket.auth.auth.adapter.out.persistent.entity.DocMember
10661,판매자10661,com.sshmarket.auth.auth.adapter.out.persistent.entity.DocMember
10662,판매자10662,com.sshmarket.auth.auth.adapter.out.persistent.entity.DocMember
10663,판매자10663,com.sshmarket.auth.auth.adapter.out.persistent.entity.DocMember
10664,판매자10664,com.sshmarket.auth.auth.adapter.out.persistent.entity.DocMember
10665,판매자10665,com.sshmarket.auth.auth.adapter.out.persistent.entity.DocMember
10666,판매자10666,com.sshmarket.auth.auth.adapter.out.persistent.entity.DocMember
10667,판매자10667,com.sshmarket.auth.auth.adapter.out.persistent.entity.DocMember
10668,판매자10668,com.sshmarket.auth.auth.adapter.out.persistent.entity.DocMember
10669,판매자10669,com.sshmarket.auth.auth.adapter.out.persistent.entity.DocMember
10670,판매자10670,com.sshmarket.auth.auth.adapter.out.persistent.entity.DocMember
10671,판매자10671,com.sshmarket.auth.auth.adapter.out.persistent.entity.DocMember
10672,판매자10672,com.sshmarket.auth.auth.adapter.out.persistent.entity.DocMember
10673,판매자10673,com.sshmarket.auth.auth.adapter.out.persistent.entity.DocMember
10674,판매자10674,com.sshmarket.auth.auth.adapter.out.persistent.entity.DocMember
10675,판매자10675,com.sshmarket.auth.auth.adapter.out.persistent.entity.DocMember
10676,판매자10676,com.sshmarket.auth.auth.adapter.out.persistent.entity.DocMember
10677,판매자10677,com.sshmarket.auth.auth.adapter.out.persistent.entity.DocMember
10678,판매자10678,com.sshmarket.auth.auth.adapter.out.persistent.entity.DocMember
10679,판매자10679,com.sshmarket.auth.auth.adapter.out.persistent.entity.DocMember
10680,판매자10680,com.sshmarket.auth.auth.adapter.out.persistent.entity.DocMember
10681,판매자10681,com.sshmarket.auth.auth.adapter.out.persistent.entity.DocMember
10682,판매자10682,com.sshmarket.auth.auth.adapter.out.persistent.entity.DocMember
10683,판매자10683,com.sshmarket.auth.auth.adapter.out.persistent.entity.DocMember
10684,판매자10684,com.sshmarket.auth.auth.adapter.out.persistent.entity.DocMember
10685,판매자10685,com.sshmarket.auth.auth.adapter.out.persistent.entity.DocMember
10686,판매자10686,com.sshmarket.auth.auth.adapter.out.persistent.entity.DocMember
10687,판매자10687,com.sshmarket.auth.auth.adapter.out.persistent.entity.DocMember
10688,판매자10688,com.sshmarket.auth.auth.adapter.out.persistent.entity.DocMember
10689,판매자10689,com.sshmarket.auth.auth.adapter.out.persistent.entity.DocMember
10690,판매자10690,com.sshmarket.auth.auth.adapter.out.persistent.entity.DocMember
10691,판매자10691,com.sshmarket.auth.auth.adapter.out.persistent.entity.DocMember
10692,판매자10692,com.sshmarket.auth.auth.adapter.out.persistent.entity.DocMember
10693,판매자10693,com.sshmarket.auth.auth.adapter.out.persistent.entity.DocMember
10694,판매자10694,com.sshmarket.auth.auth.adapter.out.persistent.entity.DocMember
10695,판매자10695,com.sshmarket.auth.auth.adapter.out.persistent.entity.DocMember
10696,판매자10696,com.sshmarket.auth.auth.adapter.out.persistent.entity.DocMember
10697,판매자10697,com.sshmarket.auth.auth.adapter.out.persistent.entity.DocMember
10698,판매자10698,com.sshmarket.auth.auth.adapter.out.persistent.entity.DocMember
10699,판매자10699,com.sshmarket.auth.auth.adapter.out.persistent.entity.DocMember
10700,판매자10700,com.sshmarket.auth.auth.adapter.out.persistent.entity.DocMember
10701,판매자10701,com.sshmarket.auth.auth.adapter.out.persistent.entity.DocMember
10702,판매자10702,com.sshmarket.auth.auth.adapter.out.persistent.entity.DocMember
10703,판매자10703,com.sshmarket.auth.auth.adapter.out.persistent.entity.DocMember
10704,판매자10704,com.sshmarket.auth.auth.adapter.out.persistent.entity.DocMember
10705,판매자10705,com.sshmarket.auth.auth.adapter.out.persistent.entity.DocMember
10706,판매자10706,com.sshmarket.auth.auth.adapter.out.persistent.entity.DocMember
10707,판매자10707,com.sshmarket.auth.auth.adapter.out.persistent.entity.DocMember
10708,판매자10708,com.sshmarket.auth.auth.adapter.out.persistent.entity.DocMember
10709,판매자10709,com.sshmarket.auth.auth.adapter.out.persistent.entity.DocMember
10710,판매자10710,com.sshmarket.auth.auth.adapter.out.persistent.entity.DocMember
10711,판매자10711,com.sshmarket.auth.auth.adapter.out.persistent.entity.DocMember
10712,판매자10712,com.sshmarket.auth.auth.adapter.out.persistent.entity.DocMember
10713,판매자10713,com.sshmarket.auth.auth.adapter.out.persistent.entity.DocMember
10714,판매자10714,com.sshmarket.auth.auth.adapter.out.persistent.entity.DocMember
10715,판매자10715,com.sshmarket.auth.auth.adapter.out.persistent.entity.DocMember
10716,판매자10716,com.sshmarket.auth.auth.adapter.out.persistent.entity.DocMember
10717,판매자10717,com.sshmarket.auth.auth.adapter.out.persistent.entity.DocMember
10718,판매자10718,com.sshmarket.auth.auth.adapter.out.persistent.entity.DocMember
10719,판매자10719,com.sshmarket.auth.auth.adapter.out.persistent.entity.DocMember
10720,판매자10720,com.sshmarket.auth.auth.adapter.out.persistent.entity.DocMember
10721,판매자10721,com.sshmarket.auth.auth.adapter.out.persistent.entity.DocMember
10722,판매자10722,com.sshmarket.auth.auth.adapter.out.persistent.entity.DocMember
10723,판매자10723,com.sshmarket.auth.auth.adapter.out.persistent.entity.DocMember
10724,판매자10724,com.sshmarket.auth.auth.adapter.out.persistent.entity.DocMember
10725,판매자10725,com.sshmarket.auth.auth.adapter.out.persistent.entity.DocMember
10726,판매자10726,com.sshmarket.auth.auth.adapter.out.persistent.entity.DocMember
10727,판매자10727,com.sshmarket.auth.auth.adapter.out.persistent.entity.DocMember
10728,판매자10728,com.sshmarket.auth.auth.adapter.out.persistent.entity.DocMember
10729,판매자10729,com.sshmarket.auth.auth.adapter.out.persistent.entity.DocMember
10730,판매자10730,com.sshmarket.auth.auth.adapter.out.persistent.entity.DocMember
10731,판매자10731,com.sshmarket.auth.auth.adapter.out.persistent.entity.DocMember
10732,판매자10732,com.sshmarket.auth.auth.adapter.out.persistent.entity.DocMember
10733,판매자10733,com.sshmarket.auth.auth.adapter.out.persistent.entity.DocMember
10734,판매자10734,com.sshmarket.auth.auth.adapter.out.persistent.entity.DocMember
10735,판매자10735,com.sshmarket.auth.auth.adapter.out.persistent.entity.DocMember
10736,판매자10736,com.sshmarket.auth.auth.adapter.out.persistent.entity.DocMember
10737,판매자10737,com.sshmarket.auth.auth.adapter.out.persistent.entity.DocMember
10738,판매자10738,com.sshmarket.auth.auth.adapter.out.persistent.entity.DocMember
10739,판매자10739,com.sshmarket.auth.auth.adapter.out.persistent.entity.DocMember
10740,판매자10740,com.sshmarket.auth.auth.adapter.out.persistent.entity.DocMember
10741,판매자10741,com.sshmarket.auth.auth.adapter.out.persistent.entity.DocMember
10742,판매자10742,com.sshmarket.auth.auth.adapter.out.persistent.entity.DocMember
10743,판매자10743,com.sshmarket.auth.auth.adapter.out.persistent.entity.DocMember
10744,판매자10744,com.sshmarket.auth.auth.adapter.out.persistent.entity.DocMember
10745,판매자10745,com.sshmarket.auth.auth.adapter.out.persistent.entity.DocMember
10746,판매자10746,com.sshmarket.auth.auth.adapter.out.persistent.entity.DocMember
10747,판매자10747,com.sshmarket.auth.auth.adapter.out.persistent.entity.DocMember
10748,판매자10748,com.sshmarket.auth.auth.adapter.out.persistent.entity.DocMember
10749,판매자10749,com.sshmarket.auth.auth.adapter.out.persistent.entity.DocMember
10750,판매자10750,com.sshmarket.auth.auth.adapter.out.persistent.entity.DocMember
10751,판매자10751,com.sshmarket.auth.auth.adapter.out.persistent.entity.DocMember
10752,판매자10752,com.sshmarket.auth.auth.adapter.out.persistent.entity.DocMember
10753,판매자10753,com.sshmarket.auth.auth.adapter.out.persistent.entity.DocMember
10754,판매자10754,com.sshmarket.auth.auth.adapter.out.persistent.entity.DocMember
10755,판매자10755,com.sshmarket.auth.auth.adapter.out.persistent.entity.DocMember
10756,판매자10756,com.sshmarket.auth.auth.adapter.out.persistent.entity.DocMember
10757,판매자10757,com.sshmarket.auth.auth.adapter.out.persistent.entity.DocMember
10758,판매자10758,com.sshmarket.auth.auth.adapter.out.persistent.entity.DocMember
10759,판매자10759,com.sshmarket.auth.auth.adapter.out.persistent.entity.DocMember
10760,판매자10760,com.sshmarket.auth.auth.adapter.out.persistent.entity.DocMember
10761,판매자10761,com.sshmarket.auth.auth.adapter.out.persistent.entity.DocMember
10762,판매자10762,com.sshmarket.auth.auth.adapter.out.persistent.entity.DocMember
10763,판매자10763,com.sshmarket.auth.auth.adapter.out.persistent.entity.DocMember
10764,판매자10764,com.sshmarket.auth.auth.adapter.out.persistent.entity.DocMember
10765,판매자10765,com.sshmarket.auth.auth.adapter.out.persistent.entity.DocMember
10766,판매자10766,com.sshmarket.auth.auth.adapter.out.persistent.entity.DocMember
10767,판매자10767,com.sshmarket.auth.auth.adapter.out.persistent.entity.DocMember
10768,판매자10768,com.sshmarket.auth.auth.adapter.out.persistent.entity.DocMember
10769,판매자10769,com.sshmarket.auth.auth.adapter.out.persistent.entity.DocMember
10770,판매자10770,com.sshmarket.auth.auth.adapter.out.persistent.entity.DocMember
10771,판매자10771,com.sshmarket.auth.auth.adapter.out.persistent.entity.DocMember
10772,판매자10772,com.sshmarket.auth.auth.adapter.out.persistent.entity.DocMember
10773,판매자10773,com.sshmarket.auth.auth.adapter.out.persistent.entity.DocMember
10774,판매자10774,com.sshmarket.auth.auth.adapter.out.persistent.entity.DocMember
10775,판매자10775,com.sshmarket.auth.auth.adapter.out.persistent.entity.DocMember
10776,판매자10776,com.sshmarket.auth.auth.adapter.out.persistent.entity.DocMember
10777,판매자10777,com.sshmarket.auth.auth.adapter.out.persistent.entity.DocMember
10778,판매자10778,com.sshmarket.auth.auth.adapter.out.persistent.entity.DocMember
10779,판매자10779,com.sshmarket.auth.auth.adapter.out.persistent.entity.DocMember
10780,판매자10780,com.sshmarket.auth.auth.adapter.out.persistent.entity.DocMember
10781,판매자10781,com.sshmarket.auth.auth.adapter.out.persistent.entity.DocMember
10782,판매자10782,com.sshmarket.auth.auth.adapter.out.persistent.entity.DocMember
10783,판매자10783,com.sshmarket.auth.auth.adapter.out.persistent.entity.DocMember
10784,판매자10784,com.sshmarket.auth.auth.adapter.out.persistent.entity.DocMember
10785,판매자10785,com.sshmarket.auth.auth.adapter.out.persistent.entity.DocMember
10786,판매자10786,com.sshmarket.auth.auth.adapter.out.persistent.entity.DocMember
10787,판매자10787,com.sshmarket.auth.auth.adapter.out.persistent.entity.DocMember
10788,판매자10788,com.sshmarket.auth.auth.adapter.out.persistent.entity.DocMember
10789,판매자10789,com.sshmarket.auth.auth.adapter.out.persistent.entity.DocMember
10790,판매자10790,com.sshmarket.auth.auth.adapter.out.persistent.entity.DocMember
10791,판매자10791,com.sshmarket.auth.auth.adapter.out.persistent.entity.DocMember
10792,판매자10792,com.sshmarket.auth.auth.adapter.out.persistent.entity.DocMember
10793,판매자10793,com.sshmarket.auth.auth.adapter.out.persistent.entity.DocMember
10794,판매자10794,com.sshmarket.auth.auth.adapter.out.persistent.entity.DocMember
10795,판매자10795,com.sshmarket.auth.auth.adapter.out.persistent.entity.DocMember
10796,판매자10796,com.sshmarket.auth.auth.adapter.out.persistent.entity.DocMember
10797,판매자10797,com.sshmarket.auth.auth.adapter.out.persistent.entity.DocMember
10798,판매자10798,com.sshmarket.auth.auth.adapter.out.persistent.entity.DocMember
10799,판매자10799,com.sshmarket.auth.auth.adapter.out.persistent.entity.DocMember
10800,판매자10800,com.sshmarket.auth.auth.adapter.out.persistent.entity.DocMember
10801,판매자10801,com.sshmarket.auth.auth.adapter.out.persistent.entity.DocMember
10802,판매자10802,com.sshmarket.auth.auth.adapter.out.persistent.entity.DocMember
10803,판매자10803,com.sshmarket.auth.auth.adapter.out.persistent.entity.DocMember
10804,판매자10804,com.sshmarket.auth.auth.adapter.out.persistent.entity.DocMember
10805,판매자10805,com.sshmarket.auth.auth.adapter.out.persistent.entity.DocMember
10806,판매자10806,com.sshmarket.auth.auth.adapter.out.persistent.entity.DocMember
10807,판매자10807,com.sshmarket.auth.auth.adapter.out.persistent.entity.DocMember
10808,판매자10808,com.sshmarket.auth.auth.adapter.out.persistent.entity.DocMember
10809,판매자10809,com.sshmarket.auth.auth.adapter.out.persistent.entity.DocMember
10810,판매자10810,com.sshmarket.auth.auth.adapter.out.persistent.entity.DocMember
10811,판매자10811,com.sshmarket.auth.auth.adapter.out.persistent.entity.DocMember
10812,판매자10812,com.sshmarket.auth.auth.adapter.out.persistent.entity.DocMember
10813,판매자10813,com.sshmarket.auth.auth.adapter.out.persistent.entity.DocMember
10814,판매자10814,com.sshmarket.auth.auth.adapter.out.persistent.entity.DocMember
10815,판매자10815,com.sshmarket.auth.auth.adapter.out.persistent.entity.DocMember
10816,판매자10816,com.sshmarket.auth.auth.adapter.out.persistent.entity.DocMember
10817,판매자10817,com.sshmarket.auth.auth.adapter.out.persistent.entity.DocMember
10818,판매자10818,com.sshmarket.auth.auth.adapter.out.persistent.entity.DocMember
10819,판매자10819,com.sshmarket.auth.auth.adapter.out.persistent.entity.DocMember
10820,판매자10820,com.sshmarket.auth.auth.adapter.out.persistent.entity.DocMember
10821,판매자10821,com.sshmarket.auth.auth.adapter.out.persistent.entity.DocMember
10822,판매자10822,com.sshmarket.auth.auth.adapter.out.persistent.entity.DocMember
10823,판매자10823,com.sshmarket.auth.auth.adapter.out.persistent.entity.DocMember
10824,판매자10824,com.sshmarket.auth.auth.adapter.out.persistent.entity.DocMember
10825,판매자10825,com.sshmarket.auth.auth.adapter.out.persistent.entity.DocMember
10826,판매자10826,com.sshmarket.auth.auth.adapter.out.persistent.entity.DocMember
10827,판매자10827,com.sshmarket.auth.auth.adapter.out.persistent.entity.DocMember
10828,판매자10828,com.sshmarket.auth.auth.adapter.out.persistent.entity.DocMember
10829,판매자10829,com.sshmarket.auth.auth.adapter.out.persistent.entity.DocMember
10830,판매자10830,com.sshmarket.auth.auth.adapter.out.persistent.entity.DocMember
10831,판매자10831,com.sshmarket.auth.auth.adapter.out.persistent.entity.DocMember
10832,판매자10832,com.sshmarket.auth.auth.adapter.out.persistent.entity.DocMember
10833,판매자10833,com.sshmarket.auth.auth.adapter.out.persistent.entity.DocMember
10834,판매자10834,com.sshmarket.auth.auth.adapter.out.persistent.entity.DocMember
10835,판매자10835,com.sshmarket.auth.auth.adapter.out.persistent.entity.DocMember
10836,판매자10836,com.sshmarket.auth.auth.adapter.out.persistent.entity.DocMember
10837,판매자10837,com.sshmarket.auth.auth.adapter.out.persistent.entity.DocMember
10838,판매자10838,com.sshmarket.auth.auth.adapter.out.persistent.entity.DocMember
10839,판매자10839,com.sshmarket.auth.auth.adapter.out.persistent.entity.DocMember
10840,판매자10840,com.sshmarket.auth.auth.adapter.out.persistent.entity.DocMember
10841,판매자10841,com.sshmarket.auth.auth.adapter.out.persistent.entity.DocMember
10842,판매자10842,com.sshmarket.auth.auth.adapter.out.persistent.entity.DocMember
10843,판매자10843,com.sshmarket.auth.auth.adapter.out.persistent.entity.DocMember
10844,판매자10844,com.sshmarket.auth.auth.adapter.out.persistent.entity.DocMember
10845,판매자10845,com.sshmarket.auth.auth.adapter.out.persistent.entity.DocMember
10846,판매자10846,com.sshmarket.auth.auth.adapter.out.persistent.entity.DocMember
10847,판매자10847,com.sshmarket.auth.auth.adapter.out.persistent.entity.DocMember
10848,판매자10848,com.sshmarket.auth.auth.adapter.out.persistent.entity.DocMember
10849,판매자10849,com.sshmarket.auth.auth.adapter.out.persistent.entity.DocMember
10850,판매자10850,com.sshmarket.auth.auth.adapter.out.persistent.entity.DocMember
10851,판매자10851,com.sshmarket.auth.auth.adapter.out.persistent.entity.DocMember
10852,판매자10852,com.sshmarket.auth.auth.adapter.out.persistent.entity.DocMember
10853,판매자10853,com.sshmarket.auth.auth.adapter.out.persistent.entity.DocMember
10854,판매자10854,com.sshmarket.auth.auth.adapter.out.persistent.entity.DocMember
10855,판매자10855,com.sshmarket.auth.auth.adapter.out.persistent.entity.DocMember
10856,판매자10856,com.sshmarket.auth.auth.adapter.out.persistent.entity.DocMember
10857,판매자10857,com.sshmarket.auth.auth.adapter.out.persistent.entity.DocMember
10858,판매자10858,com.sshmarket.auth.auth.adapter.out.persistent.entity.DocMember
10859,판매자10859,com.sshmarket.auth.auth.adapter.out.persistent.entity.DocMember
10860,판매자10860,com.sshmarket.auth.auth.adapter.out.persistent.entity.DocMember
10861,판매자10861,com.sshmarket.auth.auth.adapter.out.persistent.entity.DocMember
10862,판매자10862,com.sshmarket.auth.auth.adapter.out.persistent.entity.DocMember
10863,판매자10863,com.sshmarket.auth.auth.adapter.out.persistent.entity.DocMember
10864,판매자10864,com.sshmarket.auth.auth.adapter.out.persistent.entity.DocMember
10865,판매자10865,com.sshmarket.auth.auth.adapter.out.persistent.entity.DocMember
10866,판매자10866,com.sshmarket.auth.auth.adapter.out.persistent.entity.DocMember
10867,판매자10867,com.sshmarket.auth.auth.adapter.out.persistent.entity.DocMember
10868,판매자10868,com.sshmarket.auth.auth.adapter.out.persistent.entity.DocMember
10869,판매자10869,com.sshmarket.auth.auth.adapter.out.persistent.entity.DocMember
10870,판매자10870,com.sshmarket.auth.auth.adapter.out.persistent.entity.DocMember
10871,판매자10871,com.sshmarket.auth.auth.adapter.out.persistent.entity.DocMember
10872,판매자10872,com.sshmarket.auth.auth.adapter.out.persistent.entity.DocMember
10873,판매자10873,com.sshmarket.auth.auth.adapter.out.persistent.entity.DocMember
10874,판매자10874,com.sshmarket.auth.auth.adapter.out.persistent.entity.DocMember
10875,판매자10875,com.sshmarket.auth.auth.adapter.out.persistent.entity.DocMember
10876,판매자10876,com.sshmarket.auth.auth.adapter.out.persistent.entity.DocMember
10877,판매자10877,com.sshmarket.auth.auth.adapter.out.persistent.entity.DocMember
10878,판매자10878,com.sshmarket.auth.auth.adapter.out.persistent.entity.DocMember
10879,판매자10879,com.sshmarket.auth.auth.adapter.out.persistent.entity.DocMember
10880,판매자10880,com.sshmarket.auth.auth.adapter.out.persistent.entity.DocMember
10881,판매자10881,com.sshmarket.auth.auth.adapter.out.persistent.entity.DocMember
10882,판매자10882,com.sshmarket.auth.auth.adapter.out.persistent.entity.DocMember
10883,판매자10883,com.sshmarket.auth.auth.adapter.out.persistent.entity.DocMember
10884,판매자10884,com.sshmarket.auth.auth.adapter.out.persistent.entity.DocMember
10885,판매자10885,com.sshmarket.auth.auth.adapter.out.persistent.entity.DocMember
10886,판매자10886,com.sshmarket.auth.auth.adapter.out.persistent.entity.DocMember
10887,판매자10887,com.sshmarket.auth.auth.adapter.out.persistent.entity.DocMember
10888,판매자10888,com.sshmarket.auth.auth.adapter.out.persistent.entity.DocMember
10889,판매자10889,com.sshmarket.auth.auth.adapter.out.persistent.entity.DocMember
10890,판매자10890,com.sshmarket.auth.auth.adapter.out.persistent.entity.DocMember
10891,판매자10891,com.sshmarket.auth.auth.adapter.out.persistent.entity.DocMember
10892,판매자10892,com.sshmarket.auth.auth.adapter.out.persistent.entity.DocMember
10893,판매자10893,com.sshmarket.auth.auth.adapter.out.persistent.entity.DocMember
10894,판매자10894,com.sshmarket.auth.auth.adapter.out.persistent.entity.DocMember
10895,판매자10895,com.sshmarket.auth.auth.adapter.out.persistent.entity.DocMember
10896,판매자10896,com.sshmarket.auth.auth.adapter.out.persistent.entity.DocMember
10897,판매자10897,com.sshmarket.auth.auth.adapter.out.persistent.entity.DocMember
10898,판매자10898,com.sshmarket.auth.auth.adapter.out.persistent.entity.DocMember
10899,판매자10899,com.sshmarket.auth.auth.adapter.out.persistent.entity.DocMember
10900,판매자10900,com.sshmarket.auth.auth.adapter.out.persistent.entity.DocMember
10901,판매자10901,com.sshmarket.auth.auth.adapter.out.persistent.entity.DocMember
10902,판매자10902,com.sshmarket.auth.auth.adapter.out.persistent.entity.DocMember
10903,판매자10903,com.sshmarket.auth.auth.adapter.out.persistent.entity.DocMember
10904,판매자10904,com.sshmarket.auth.auth.adapter.out.persistent.entity.DocMember
10905,판매자10905,com.sshmarket.auth.auth.adapter.out.persistent.entity.DocMember
10906,판매자10906,com.sshmarket.auth.auth.adapter.out.persistent.entity.DocMember
10907,판매자10907,com.sshmarket.auth.auth.adapter.out.persistent.entity.DocMember
10908,판매자10908,com.sshmarket.auth.auth.adapter.out.persistent.entity.DocMember
10909,판매자10909,com.sshmarket.auth.auth.adapter.out.persistent.entity.DocMember
10910,판매자10910,com.sshmarket.auth.auth.adapter.out.persistent.entity.DocMember
10911,판매자10911,com.sshmarket.auth.auth.adapter.out.persistent.entity.DocMember
10912,판매자10912,com.sshmarket.auth.auth.adapter.out.persistent.entity.DocMember
10913,판매자10913,com.sshmarket.auth.auth.adapter.out.persistent.entity.DocMember
10914,판매자10914,com.sshmarket.auth.auth.adapter.out.persistent.entity.DocMember
10915,판매자10915,com.sshmarket.auth.auth.adapter.out.persistent.entity.DocMember
10916,판매자10916,com.sshmarket.auth.auth.adapter.out.persistent.entity.DocMember
10917,판매자10917,com.sshmarket.auth.auth.adapter.out.persistent.entity.DocMember
10918,판매자10918,com.sshmarket.auth.auth.adapter.out.persistent.entity.DocMember
10919,판매자10919,com.sshmarket.auth.auth.adapter.out.persistent.entity.DocMember
10920,판매자10920,com.sshmarket.auth.auth.adapter.out.persistent.entity.DocMember
10921,판매자10921,com.sshmarket.auth.auth.adapter.out.persistent.entity.DocMember
10922,판매자10922,com.sshmarket.auth.auth.adapter.out.persistent.entity.DocMember
10923,판매자10923,com.sshmarket.auth.auth.adapter.out.persistent.entity.DocMember
10924,판매자10924,com.sshmarket.auth.auth.adapter.out.persistent.entity.DocMember
10925,판매자10925,com.sshmarket.auth.auth.adapter.out.persistent.entity.DocMember
10926,판매자10926,com.sshmarket.auth.auth.adapter.out.persistent.entity.DocMember
10927,판매자10927,com.sshmarket.auth.auth.adapter.out.persistent.entity.DocMember
10928,판매자10928,com.sshmarket.auth.auth.adapter.out.persistent.entity.DocMember
10929,판매자10929,com.sshmarket.auth.auth.adapter.out.persistent.entity.DocMember
10930,판매자10930,com.sshmarket.auth.auth.adapter.out.persistent.entity.DocMember
10931,판매자10931,com.sshmarket.auth.auth.adapter.out.persistent.entity.DocMember
10932,판매자10932,com.sshmarket.auth.auth.adapter.out.persistent.entity.DocMember
10933,판매자10933,com.sshmarket.auth.auth.adapter.out.persistent.entity.DocMember
10934,판매자10934,com.sshmarket.auth.auth.adapter.out.persistent.entity.DocMember
10935,판매자10935,com.sshmarket.auth.auth.adapter.out.persistent.entity.DocMember
10936,판매자10936,com.sshmarket.auth.auth.adapter.out.persistent.entity.DocMember
10937,판매자10937,com.sshmarket.auth.auth.adapter.out.persistent.entity.DocMember
10938,판매자10938,com.sshmarket.auth.auth.adapter.out.persistent.entity.DocMember
10939,판매자10939,com.sshmarket.auth.auth.adapter.out.persistent.entity.DocMember
10940,판매자10940,com.sshmarket.auth.auth.adapter.out.persistent.entity.DocMember
10941,판매자10941,com.sshmarket.auth.auth.adapter.out.persistent.entity.DocMember
10942,판매자10942,com.sshmarket.auth.auth.adapter.out.persistent.entity.DocMember
10943,판매자10943,com.sshmarket.auth.auth.adapter.out.persistent.entity.DocMember
10944,판매자10944,com.sshmarket.auth.auth.adapter.out.persistent.entity.DocMember
10945,판매자10945,com.sshmarket.auth.auth.adapter.out.persistent.entity.DocMember
10946,판매자10946,com.sshmarket.auth.auth.adapter.out.persistent.entity.DocMember
10947,판매자10947,com.sshmarket.auth.auth.adapter.out.persistent.entity.DocMember
10948,판매자10948,com.sshmarket.auth.auth.adapter.out.persistent.entity.DocMember
10949,판매자10949,com.sshmarket.auth.auth.adapter.out.persistent.entity.DocMember
10950,판매자10950,com.sshmarket.auth.auth.adapter.out.persistent.entity.DocMember
10951,판매자10951,com.sshmarket.auth.auth.adapter.out.persistent.entity.DocMember
10952,판매자10952,com.sshmarket.auth.auth.adapter.out.persistent.entity.DocMember
10953,판매자10953,com.sshmarket.auth.auth.adapter.out.persistent.entity.DocMember
10954,판매자10954,com.sshmarket.auth.auth.adapter.out.persistent.entity.DocMember
10955,판매자10955,com.sshmarket.auth.auth.adapter.out.persistent.entity.DocMember
10956,판매자10956,com.sshmarket.auth.auth.adapter.out.persistent.entity.DocMember
10957,판매자10957,com.sshmarket.auth.auth.adapter.out.persistent.entity.DocMember
10958,판매자10958,com.sshmarket.auth.auth.adapter.out.persistent.entity.DocMember
10959,판매자10959,com.sshmarket.auth.auth.adapter.out.persistent.entity.DocMember
10960,판매자10960,com.sshmarket.auth.auth.adapter.out.persistent.entity.DocMember
10961,판매자10961,com.sshmarket.auth.auth.adapter.out.persistent.entity.DocMember
10962,판매자10962,com.sshmarket.auth.auth.adapter.out.persistent.entity.DocMember
10963,판매자10963,com.sshmarket.auth.auth.adapter.out.persistent.entity.DocMember
10964,판매자10964,com.sshmarket.auth.auth.adapter.out.persistent.entity.DocMember
10965,판매자10965,com.sshmarket.auth.auth.adapter.out.persistent.entity.DocMember
10966,판매자10966,com.sshmarket.auth.auth.adapter.out.persistent.entity.DocMember
10967,판매자10967,com.sshmarket.auth.auth.adapter.out.persistent.entity.DocMember
10968,판매자10968,com.sshmarket.auth.auth.adapter.out.persistent.entity.DocMember
10969,판매자10969,com.sshmarket.auth.auth.adapter.out.persistent.entity.DocMember
10970,판매자10970,com.sshmarket.auth.auth.adapter.out.persistent.entity.DocMember
10971,판매자10971,com.sshmarket.auth.auth.adapter.out.persistent.entity.DocMember
10972,판매자10972,com.sshmarket.auth.auth.adapter.out.persistent.entity.DocMember
10973,판매자10973,com.sshmarket.auth.auth.adapter.out.persistent.entity.DocMember
10974,판매자10974,com.sshmarket.auth.auth.adapter.out.persistent.entity.DocMember
10975,판매자10975,com.sshmarket.auth.auth.adapter.out.persistent.entity.DocMember
10976,판매자10976,com.sshmarket.auth.auth.adapter.out.persistent.entity.DocMember
10977,판매자10977,com.sshmarket.auth.auth.adapter.out.persistent.entity.DocMember
10978,판매자10978,com.sshmarket.auth.auth.adapter.out.persistent.entity.DocMember
10979,판매자10979,com.sshmarket.auth.auth.adapter.out.persistent.entity.DocMember
10980,판매자10980,com.sshmarket.auth.auth.adapter.out.persistent.entity.DocMember
10981,판매자10981,com.sshmarket.auth.auth.adapter.out.persistent.entity.DocMember
10982,판매자10982,com.sshmarket.auth.auth.adapter.out.persistent.entity.DocMember
10983,판매자10983,com.sshmarket.auth.auth.adapter.out.persistent.entity.DocMember
10984,판매자10984,com.sshmarket.auth.auth.adapter.out.persistent.entity.DocMember
10985,판매자10985,com.sshmarket.auth.auth.adapter.out.persistent.entity.DocMember
10986,판매자10986,com.sshmarket.auth.auth.adapter.out.persistent.entity.DocMember
10987,판매자10987,com.sshmarket.auth.auth.adapter.out.persistent.entity.DocMember
10988,판매자10988,com.sshmarket.auth.auth.adapter.out.persistent.entity.DocMember
10989,판매자10989,com.sshmarket.auth.auth.adapter.out.persistent.entity.DocMember
10990,판매자10990,com.sshmarket.auth.auth.adapter.out.persistent.entity.DocMember
10991,판매자10991,com.sshmarket.auth.auth.adapter.out.persistent.entity.DocMember
10992,판매자10992,com.sshmarket.auth.auth.adapter.out.persistent.entity.DocMember
10993,판매자10993,com.sshmarket.auth.auth.adapter.out.persistent.entity.DocMember
10994,판매자10994,com.sshmarket.auth.auth.adapter.out.persistent.entity.DocMember
10995,판매자10995,com.sshmarket.auth.auth.adapter.out.persistent.entity.DocMember
10996,판매자10996,com.sshmarket.auth.auth.adapter.out.persistent.entity.DocMember
10997,판매자10997,com.sshmarket.auth.auth.adapter.out.persistent.entity.DocMember
10998,판매자10998,com.sshmarket.auth.auth.adapter.out.persistent.entity.DocMember
10999,판매자10999,com.sshmarket.auth.auth.adapter.out.persistent.entity.DocMember
11000,판매자11000,com.sshmarket.auth.auth.adapter.out.persistent.entity.DocMember
11001,판매자11001,com.sshmarket.auth.auth.adapter.out.persistent.entity.DocMember
11002,판매자11002,com.sshmarket.auth.auth.adapter.out.persistent.entity.DocMember
11003,판매자11003,com.sshmarket.auth.auth.adapter.out.persistent.entity.DocMember
11004,판매자11004,com.sshmarket.auth.auth.adapter.out.persistent.entity.DocMember
11005,판매자11005,com.sshmarket.auth.auth.adapter.out.persistent.entity.DocMember
11006,판매자11006,com.sshmarket.auth.auth.adapter.out.persistent.entity.DocMember
11007,판매자11007,com.sshmarket.auth.auth.adapter.out.persistent.entity.DocMember
11008,판매자11008,com.sshmarket.auth.auth.adapter.out.persistent.entity.DocMember
11009,판매자11009,com.sshmarket.auth.auth.adapter.out.persistent.entity.DocMember
11010,판매자11010,com.sshmarket.auth.auth.adapter.out.persistent.entity.DocMember
11011,판매자11011,com.sshmarket.auth.auth.adapter.out.persistent.entity.DocMember
11012,판매자11012,com.sshmarket.auth.auth.adapter.out.persistent.entity.DocMember
11013,판매자11013,com.sshmarket.auth.auth.adapter.out.persistent.entity.DocMember
11014,판매자11014,com.sshmarket.auth.auth.adapter.out.persistent.entity.DocMember
11015,판매자11015,com.sshmarket.auth.auth.adapter.out.persistent.entity.DocMember
11016,판매자11016,com.sshmarket.auth.auth.adapter.out.persistent.entity.DocMember
11017,판매자11017,com.sshmarket.auth.auth.adapter.out.persistent.entity.DocMember
11018,판매자11018,com.sshmarket.auth.auth.adapter.out.persistent.entity.DocMember
11019,판매자11019,com.sshmarket.auth.auth.adapter.out.persistent.entity.DocMember
11020,판매자11020,com.sshmarket.auth.auth.adapter.out.persistent.entity.DocMember
11021,판매자11021,com.sshmarket.auth.auth.adapter.out.persistent.entity.DocMember
11022,판매자11022,com.sshmarket.auth.auth.adapter.out.persistent.entity.DocMember
11023,판매자11023,com.sshmarket.auth.auth.adapter.out.persistent.entity.DocMember
11024,판매자11024,com.sshmarket.auth.auth.adapter.out.persistent.entity.DocMember
11025,판매자11025,com.sshmarket.auth.auth.adapter.out.persistent.entity.DocMember
11026,판매자11026,com.sshmarket.auth.auth.adapter.out.persistent.entity.DocMember
11027,판매자11027,com.sshmarket.auth.auth.adapter.out.persistent.entity.DocMember
11028,판매자11028,com.sshmarket.auth.auth.adapter.out.persistent.entity.DocMember
11029,판매자11029,com.sshmarket.auth.auth.adapter.out.persistent.entity.DocMember
11030,판매자11030,com.sshmarket.auth.auth.adapter.out.persistent.entity.DocMember
11031,판매자11031,com.sshmarket.auth.auth.adapter.out.persistent.entity.DocMember
11032,판매자11032,com.sshmarket.auth.auth.adapter.out.persistent.entity.DocMember
11033,판매자11033,com.sshmarket.auth.auth.adapter.out.persistent.entity.DocMember
11034,판매자11034,com.sshmarket.auth.auth.adapter.out.persistent.entity.DocMember
11035,판매자11035,com.sshmarket.auth.auth.adapter.out.persistent.entity.DocMember
11036,판매자11036,com.sshmarket.auth.auth.adapter.out.persistent.entity.DocMember
11037,판매자11037,com.sshmarket.auth.auth.adapter.out.persistent.entity.DocMember
11038,판매자11038,com.sshmarket.auth.auth.adapter.out.persistent.entity.DocMember
11039,판매자11039,com.sshmarket.auth.auth.adapter.out.persistent.entity.DocMember
11040,판매자11040,com.sshmarket.auth.auth.adapter.out.persistent.entity.DocMember
11041,판매자11041,com.sshmarket.auth.auth.adapter.out.persistent.entity.DocMember
11042,판매자11042,com.sshmarket.auth.auth.adapter.out.persistent.entity.DocMember
11043,판매자11043,com.sshmarket.auth.auth.adapter.out.persistent.entity.DocMember
11044,판매자11044,com.sshmarket.auth.auth.adapter.out.persistent.entity.DocMember
11045,판매자11045,com.sshmarket.auth.auth.adapter.out.persistent.entity.DocMember
11046,판매자11046,com.sshmarket.auth.auth.adapter.out.persistent.entity.DocMember
11047,판매자11047,com.sshmarket.auth.auth.adapter.out.persistent.entity.DocMember
11048,판매자11048,com.sshmarket.auth.auth.adapter.out.persistent.entity.DocMember
11049,판매자11049,com.sshmarket.auth.auth.adapter.out.persistent.entity.DocMember
11050,판매자11050,com.sshmarket.auth.auth.adapter.out.persistent.entity.DocMember
11051,판매자11051,com.sshmarket.auth.auth.adapter.out.persistent.entity.DocMember
11052,판매자11052,com.sshmarket.auth.auth.adapter.out.persistent.entity.DocMember
11053,판매자11053,com.sshmarket.auth.auth.adapter.out.persistent.entity.DocMember
11054,판매자11054,com.sshmarket.auth.auth.adapter.out.persistent.entity.DocMember
11055,판매자11055,com.sshmarket.auth.auth.adapter.out.persistent.entity.DocMember
11056,판매자11056,com.sshmarket.auth.auth.adapter.out.persistent.entity.DocMember
11057,판매자11057,com.sshmarket.auth.auth.adapter.out.persistent.entity.DocMember
11058,판매자11058,com.sshmarket.auth.auth.adapter.out.persistent.entity.DocMember
11059,판매자11059,com.sshmarket.auth.auth.adapter.out.persistent.entity.DocMember
11060,판매자11060,com.sshmarket.auth.auth.adapter.out.persistent.entity.DocMember
11061,판매자11061,com.sshmarket.auth.auth.adapter.out.persistent.entity.DocMember
11062,판매자11062,com.sshmarket.auth.auth.adapter.out.persistent.entity.DocMember
11063,판매자11063,com.sshmarket.auth.auth.adapter.out.persistent.entity.DocMember
11064,판매자11064,com.sshmarket.auth.auth.adapter.out.persistent.entity.DocMember
11065,판매자11065,com.sshmarket.auth.auth.adapter.out.persistent.entity.DocMember
11066,판매자11066,com.sshmarket.auth.auth.adapter.out.persistent.entity.DocMember
11067,판매자11067,com.sshmarket.auth.auth.adapter.out.persistent.entity.DocMember
11068,판매자11068,com.sshmarket.auth.auth.adapter.out.persistent.entity.DocMember
11069,판매자11069,com.sshmarket.auth.auth.adapter.out.persistent.entity.DocMember
11070,판매자11070,com.sshmarket.auth.auth.adapter.out.persistent.entity.DocMember
11071,판매자11071,com.sshmarket.auth.auth.adapter.out.persistent.entity.DocMember
11072,판매자11072,com.sshmarket.auth.auth.adapter.out.persistent.entity.DocMember
11073,판매자11073,com.sshmarket.auth.auth.adapter.out.persistent.entity.DocMember
11074,판매자11074,com.sshmarket.auth.auth.adapter.out.persistent.entity.DocMember
11075,판매자11075,com.sshmarket.auth.auth.adapter.out.persistent.entity.DocMember
11076,판매자11076,com.sshmarket.auth.auth.adapter.out.persistent.entity.DocMember
11077,판매자11077,com.sshmarket.auth.auth.adapter.out.persistent.entity.DocMember
11078,판매자11078,com.sshmarket.auth.auth.adapter.out.persistent.entity.DocMember
11079,판매자11079,com.sshmarket.auth.auth.adapter.out.persistent.entity.DocMember
11080,판매자11080,com.sshmarket.auth.auth.adapter.out.persistent.entity.DocMember
11081,판매자11081,com.sshmarket.auth.auth.adapter.out.persistent.entity.DocMember
11082,판매자11082,com.sshmarket.auth.auth.adapter.out.persistent.entity.DocMember
11083,판매자11083,com.sshmarket.auth.auth.adapter.out.persistent.entity.DocMember
11084,판매자11084,com.sshmarket.auth.auth.adapter.out.persistent.entity.DocMember
11085,판매자11085,com.sshmarket.auth.auth.adapter.out.persistent.entity.DocMember
11086,판매자11086,com.sshmarket.auth.auth.adapter.out.persistent.entity.DocMember
11087,판매자11087,com.sshmarket.auth.auth.adapter.out.persistent.entity.DocMember
11088,판매자11088,com.sshmarket.auth.auth.adapter.out.persistent.entity.DocMember
11089,판매자11089,com.sshmarket.auth.auth.adapter.out.persistent.entity.DocMember
11090,판매자11090,com.sshmarket.auth.auth.adapter.out.persistent.entity.DocMember
11091,판매자11091,com.sshmarket.auth.auth.adapter.out.persistent.entity.DocMember
11092,판매자11092,com.sshmarket.auth.auth.adapter.out.persistent.entity.DocMember
11093,판매자11093,com.sshmarket.auth.auth.adapter.out.persistent.entity.DocMember
11094,판매자11094,com.sshmarket.auth.auth.adapter.out.persistent.entity.DocMember
11095,판매자11095,com.sshmarket.auth.auth.adapter.out.persistent.entity.DocMember
11096,판매자11096,com.sshmarket.auth.auth.adapter.out.persistent.entity.DocMember
11097,판매자11097,com.sshmarket.auth.auth.adapter.out.persistent.entity.DocMember
11098,판매자11098,com.sshmarket.auth.auth.adapter.out.persistent.entity.DocMember
11099,판매자11099,com.sshmarket.auth.auth.adapter.out.persistent.entity.DocMember
11100,판매자11100,com.sshmarket.auth.auth.adapter.out.persistent.entity.DocMember
