id,email,nickname
10000,dummy10000@dummy.com,판매자10000
10001,dummy10001@dummy.com,판매자10001
10002,dummy10002@dummy.com,판매자10002
10003,dummy10003@dummy.com,판매자10003
10004,dummy10004@dummy.com,판매자10004
10005,dummy10005@dummy.com,판매자10005
10006,dummy10006@dummy.com,판매자10006
10007,dummy10007@dummy.com,판매자10007
10008,dummy10008@dummy.com,판매자10008
10009,dummy10009@dummy.com,판매자10009
10010,dummy10010@dummy.com,판매자10010
10011,dummy10011@dummy.com,판매자10011
10012,dummy10012@dummy.com,판매자10012
10013,dummy10013@dummy.com,판매자10013
10014,dummy10014@dummy.com,판매자10014
10015,dummy10015@dummy.com,판매자10015
10016,dummy10016@dummy.com,판매자10016
10017,dummy10017@dummy.com,판매자10017
10018,dummy10018@dummy.com,판매자10018
10019,dummy10019@dummy.com,판매자10019
10020,dummy10020@dummy.com,판매자10020
10021,dummy10021@dummy.com,판매자10021
10022,dummy10022@dummy.com,판매자10022
10023,dummy10023@dummy.com,판매자10023
10024,dummy10024@dummy.com,판매자10024
10025,dummy10025@dummy.com,판매자10025
10026,dummy10026@dummy.com,판매자10026
10027,dummy10027@dummy.com,판매자10027
10028,dummy10028@dummy.com,판매자10028
10029,dummy10029@dummy.com,판매자10029
10030,dummy10030@dummy.com,판매자10030
10031,dummy10031@dummy.com,판매자10031
10032,dummy10032@dummy.com,판매자10032
10033,dummy10033@dummy.com,판매자10033
10034,dummy10034@dummy.com,판매자10034
10035,dummy10035@dummy.com,판매자10035
10036,dummy10036@dummy.com,판매자10036
10037,dummy10037@dummy.com,판매자10037
10038,dummy10038@dummy.com,판매자10038
10039,dummy10039@dummy.com,판매자10039
10040,dummy10040@dummy.com,판매자10040
10041,dummy10041@dummy.com,판매자10041
10042,dummy10042@dummy.com,판매자10042
10043,dummy10043@dummy.com,판매자10043
10044,dummy10044@dummy.com,판매자10044
10045,dummy10045@dummy.com,판매자10045
10046,dummy10046@dummy.com,판매자10046
10047,dummy10047@dummy.com,판매자10047
10048,dummy10048@dummy.com,판매자10048
10049,dummy10049@dummy.com,판매자10049
10050,dummy10050@dummy.com,판매자10050
10051,dummy10051@dummy.com,판매자10051
10052,dummy10052@dummy.com,판매자10052
10053,dummy10053@dummy.com,판매자10053
10054,dummy10054@dummy.com,판매자10054
10055,dummy10055@dummy.com,판매자10055
10056,dummy10056@dummy.com,판매자10056
10057,dummy10057@dummy.com,판매자10057
10058,dummy10058@dummy.com,판매자10058
10059,dummy10059@dummy.com,판매자10059
10060,dummy10060@dummy.com,판매자10060
10061,dummy10061@dummy.com,판매자10061
10062,dummy10062@dummy.com,판매자10062
10063,dummy10063@dummy.com,판매자10063
10064,dummy10064@dummy.com,판매자10064
10065,dummy10065@dummy.com,판매자10065
10066,dummy10066@dummy.com,판매자10066
10067,dummy10067@dummy.com,판매자10067
10068,dummy10068@dummy.com,판매자10068
10069,dummy10069@dummy.com,판매자10069
10070,dummy10070@dummy.com,판매자10070
10071,dummy10071@dummy.com,판매자10071
10072,dummy10072@dummy.com,판매자10072
10073,dummy10073@dummy.com,판매자10073
10074,dummy10074@dummy.com,판매자10074
10075,dummy10075@dummy.com,판매자10075
10076,dummy10076@dummy.com,판매자10076
10077,dummy10077@dummy.com,판매자10077
10078,dummy10078@dummy.com,판매자10078
10079,dummy10079@dummy.com,판매자10079
10080,dummy10080@dummy.com,판매자10080
10081,dummy10081@dummy.com,판매자10081
10082,dummy10082@dummy.com,판매자10082
10083,dummy10083@dummy.com,판매자10083
10084,dummy10084@dummy.com,판매자10084
10085,dummy10085@dummy.com,판매자10085
10086,dummy10086@dummy.com,판매자10086
10087,dummy10087@dummy.com,판매자10087
10088,dummy10088@dummy.com,판매자10088
10089,dummy10089@dummy.com,판매자10089
10090,dummy10090@dummy.com,판매자10090
10091,dummy10091@dummy.com,판매자10091
10092,dummy10092@dummy.com,판매자10092
10093,dummy10093@dummy.com,판매자10093
10094,dummy10094@dummy.com,판매자10094
10095,dummy10095@dummy.com,판매자10095
10096,dummy10096@dummy.com,판매자10096
10097,dummy10097@dummy.com,판매자10097
10098,dummy10098@dummy.com,판매자10098
10099,dummy10099@dummy.com,판매자10099
10100,dummy10100@dummy.com,판매자10100
10101,dummy10101@dummy.com,판매자10101
10102,dummy10102@dummy.com,판매자10102
10103,dummy10103@dummy.com,판매자10103
10104,dummy10104@dummy.com,판매자10104
10105,dummy10105@dummy.com,판매자10105
10106,dummy10106@dummy.com,판매자10106
10107,dummy10107@dummy.com,판매자10107
10108,dummy10108@dummy.com,판매자10108
10109,dummy10109@dummy.com,판매자10109
10110,dummy10110@dummy.com,판매자10110
10111,dummy10111@dummy.com,판매자10111
10112,dummy10112@dummy.com,판매자10112
10113,dummy10113@dummy.com,판매자10113
10114,dummy10114@dummy.com,판매자10114
10115,dummy10115@dummy.com,판매자10115
10116,dummy10116@dummy.com,판매자10116
10117,dummy10117@dummy.com,판매자10117
10118,dummy10118@dummy.com,판매자10118
10119,dummy10119@dummy.com,판매자10119
10120,dummy10120@dummy.com,판매자10120
10121,dummy10121@dummy.com,판매자10121
10122,dummy10122@dummy.com,판매자10122
10123,dummy10123@dummy.com,판매자10123
10124,dummy10124@dummy.com,판매자10124
10125,dummy10125@dummy.com,판매자10125
10126,dummy10126@dummy.com,판매자10126
10127,dummy10127@dummy.com,판매자10127
10128,dummy10128@dummy.com,판매자10128
10129,dummy10129@dummy.com,판매자10129
10130,dummy10130@dummy.com,판매자10130
10131,dummy10131@dummy.com,판매자10131
10132,dummy10132@dummy.com,판매자10132
10133,dummy10133@dummy.com,판매자10133
10134,dummy10134@dummy.com,판매자10134
10135,dummy10135@dummy.com,판매자10135
10136,dummy10136@dummy.com,판매자10136
10137,dummy10137@dummy.com,판매자10137
10138,dummy10138@dummy.com,판매자10138
10139,dummy10139@dummy.com,판매자10139
10140,dummy10140@dummy.com,판매자10140
10141,dummy10141@dummy.com,판매자10141
10142,dummy10142@dummy.com,판매자10142
10143,dummy10143@dummy.com,판매자10143
10144,dummy10144@dummy.com,판매자10144
10145,dummy10145@dummy.com,판매자10145
10146,dummy10146@dummy.com,판매자10146
10147,dummy10147@dummy.com,판매자10147
10148,dummy10148@dummy.com,판매자10148
10149,dummy10149@dummy.com,판매자10149
10150,dummy10150@dummy.com,판매자10150
10151,dummy10151@dummy.com,판매자10151
10152,dummy10152@dummy.com,판매자10152
10153,dummy10153@dummy.com,판매자10153
10154,dummy10154@dummy.com,판매자10154
10155,dummy10155@dummy.com,판매자10155
10156,dummy10156@dummy.com,판매자10156
10157,dummy10157@dummy.com,판매자10157
10158,dummy10158@dummy.com,판매자10158
10159,dummy10159@dummy.com,판매자10159
10160,dummy10160@dummy.com,판매자10160
10161,dummy10161@dummy.com,판매자10161
10162,dummy10162@dummy.com,판매자10162
10163,dummy10163@dummy.com,판매자10163
10164,dummy10164@dummy.com,판매자10164
10165,dummy10165@dummy.com,판매자10165
10166,dummy10166@dummy.com,판매자10166
10167,dummy10167@dummy.com,판매자10167
10168,dummy10168@dummy.com,판매자10168
10169,dummy10169@dummy.com,판매자10169
10170,dummy10170@dummy.com,판매자10170
10171,dummy10171@dummy.com,판매자10171
10172,dummy10172@dummy.com,판매자10172
10173,dummy10173@dummy.com,판매자10173
10174,dummy10174@dummy.com,판매자10174
10175,dummy10175@dummy.com,판매자10175
10176,dummy10176@dummy.com,판매자10176
10177,dummy10177@dummy.com,판매자10177
10178,dummy10178@dummy.com,판매자10178
10179,dummy10179@dummy.com,판매자10179
10180,dummy10180@dummy.com,판매자10180
10181,dummy10181@dummy.com,판매자10181
10182,dummy10182@dummy.com,판매자10182
10183,dummy10183@dummy.com,판매자10183
10184,dummy10184@dummy.com,판매자10184
10185,dummy10185@dummy.com,판매자10185
10186,dummy10186@dummy.com,판매자10186
10187,dummy10187@dummy.com,판매자10187
10188,dummy10188@dummy.com,판매자10188
10189,dummy10189@dummy.com,판매자10189
10190,dummy10190@dummy.com,판매자10190
10191,dummy10191@dummy.com,판매자10191
10192,dummy10192@dummy.com,판매자10192
10193,dummy10193@dummy.com,판매자10193
10194,dummy10194@dummy.com,판매자10194
10195,dummy10195@dummy.com,판매자10195
10196,dummy10196@dummy.com,판매자10196
10197,dummy10197@dummy.com,판매자10197
10198,dummy10198@dummy.com,판매자10198
10199,dummy10199@dummy.com,판매자10199
10200,dummy10200@dummy.com,판매자10200
10201,dummy10201@dummy.com,판매자10201
10202,dummy10202@dummy.com,판매자10202
10203,dummy10203@dummy.com,판매자10203
10204,dummy10204@dummy.com,판매자10204
10205,dummy10205@dummy.com,판매자10205
10206,dummy10206@dummy.com,판매자10206
10207,dummy10207@dummy.com,판매자10207
10208,dummy10208@dummy.com,판매자10208
10209,dummy10209@dummy.com,판매자10209
10210,dummy10210@dummy.com,판매자10210
10211,dummy10211@dummy.com,판매자10211
10212,dummy10212@dummy.com,판매자10212
10213,dummy10213@dummy.com,판매자10213
10214,dummy10214@dummy.com,판매자10214
10215,dummy10215@dummy.com,판매자10215
10216,dummy10216@dummy.com,판매자10216
10217,dummy10217@dummy.com,판매자10217
10218,dummy10218@dummy.com,판매자10218
10219,dummy10219@dummy.com,판매자10219
10220,dummy10220@dummy.com,판매자10220
10221,dummy10221@dummy.com,판매자10221
10222,dummy10222@dummy.com,판매자10222
10223,dummy10223@dummy.com,판매자10223
10224,dummy10224@dummy.com,판매자10224
10225,dummy10225@dummy.com,판매자10225
10226,dummy10226@dummy.com,판매자10226
10227,dummy10227@dummy.com,판매자10227
10228,dummy10228@dummy.com,판매자10228
10229,dummy10229@dummy.com,판매자10229
10230,dummy10230@dummy.com,판매자10230
10231,dummy10231@dummy.com,판매자10231
10232,dummy10232@dummy.com,판매자10232
10233,dummy10233@dummy.com,판매자10233
10234,dummy10234@dummy.com,판매자10234
10235,dummy10235@dummy.com,판매자10235
10236,dummy10236@dummy.com,판매자10236
10237,dummy10237@dummy.com,판매자10237
10238,dummy10238@dummy.com,판매자10238
10239,dummy10239@dummy.com,판매자10239
10240,dummy10240@dummy.com,판매자10240
10241,dummy10241@dummy.com,판매자10241
10242,dummy10242@dummy.com,판매자10242
10243,dummy10243@dummy.com,판매자10243
10244,dummy10244@dummy.com,판매자10244
10245,dummy10245@dummy.com,판매자10245
10246,dummy10246@dummy.com,판매자10246
10247,dummy10247@dummy.com,판매자10247
10248,dummy10248@dummy.com,판매자10248
10249,dummy10249@dummy.com,판매자10249
10250,dummy10250@dummy.com,판매자10250
10251,dummy10251@dummy.com,판매자10251
10252,dummy10252@dummy.com,판매자10252
10253,dummy10253@dummy.com,판매자10253
10254,dummy10254@dummy.com,판매자10254
10255,dummy10255@dummy.com,판매자10255
10256,dummy10256@dummy.com,판매자10256
10257,dummy10257@dummy.com,판매자10257
10258,dummy10258@dummy.com,판매자10258
10259,dummy10259@dummy.com,판매자10259
10260,dummy10260@dummy.com,판매자10260
10261,dummy10261@dummy.com,판매자10261
10262,dummy10262@dummy.com,판매자10262
10263,dummy10263@dummy.com,판매자10263
10264,dummy10264@dummy.com,판매자10264
10265,dummy10265@dummy.com,판매자10265
10266,dummy10266@dummy.com,판매자10266
10267,dummy10267@dummy.com,판매자10267
10268,dummy10268@dummy.com,판매자10268
10269,dummy10269@dummy.com,판매자10269
10270,dummy10270@dummy.com,판매자10270
10271,dummy10271@dummy.com,판매자10271
10272,dummy10272@dummy.com,판매자10272
10273,dummy10273@dummy.com,판매자10273
10274,dummy10274@dummy.com,판매자10274
10275,dummy10275@dummy.com,판매자10275
10276,dummy10276@dummy.com,판매자10276
10277,dummy10277@dummy.com,판매자10277
10278,dummy10278@dummy.com,판매자10278
10279,dummy10279@dummy.com,판매자10279
10280,dummy10280@dummy.com,판매자10280
10281,dummy10281@dummy.com,판매자10281
10282,dummy10282@dummy.com,판매자10282
10283,dummy10283@dummy.com,판매자10283
10284,dummy10284@dummy.com,판매자10284
10285,dummy10285@dummy.com,판매자10285
10286,dummy10286@dummy.com,판매자10286
10287,dummy10287@dummy.com,판매자10287
10288,dummy10288@dummy.com,판매자10288
10289,dummy10289@dummy.com,판매자10289
10290,dummy10290@dummy.com,판매자10290
10291,dummy10291@dummy.com,판매자10291
10292,dummy10292@dummy.com,판매자10292
10293,dummy10293@dummy.com,판매자10293
10294,dummy10294@dummy.com,판매자10294
10295,dummy10295@dummy.com,판매자10295
10296,dummy10296@dummy.com,판매자10296
10297,dummy10297@dummy.com,판매자10297
10298,dummy10298@dummy.com,판매자10298
10299,dummy10299@dummy.com,판매자10299
10300,dummy10300@dummy.com,판매자10300
10301,dummy10301@dummy.com,판매자10301
10302,dummy10302@dummy.com,판매자10302
10303,dummy10303@dummy.com,판매자10303
10304,dummy10304@dummy.com,판매자10304
10305,dummy10305@dummy.com,판매자10305
10306,dummy10306@dummy.com,판매자10306
10307,dummy10307@dummy.com,판매자10307
10308,dummy10308@dummy.com,판매자10308
10309,dummy10309@dummy.com,판매자10309
10310,dummy10310@dummy.com,판매자10310
10311,dummy10311@dummy.com,판매자10311
10312,dummy10312@dummy.com,판매자10312
10313,dummy10313@dummy.com,판매자10313
10314,dummy10314@dummy.com,판매자10314
10315,dummy10315@dummy.com,판매자10315
10316,dummy10316@dummy.com,판매자10316
10317,dummy10317@dummy.com,판매자10317
10318,dummy10318@dummy.com,판매자10318
10319,dummy10319@dummy.com,판매자10319
10320,dummy10320@dummy.com,판매자10320
10321,dummy10321@dummy.com,판매자10321
10322,dummy10322@dummy.com,판매자10322
10323,dummy10323@dummy.com,판매자10323
10324,dummy10324@dummy.com,판매자10324
10325,dummy10325@dummy.com,판매자10325
10326,dummy10326@dummy.com,판매자10326
10327,dummy10327@dummy.com,판매자10327
10328,dummy10328@dummy.com,판매자10328
10329,dummy10329@dummy.com,판매자10329
10330,dummy10330@dummy.com,판매자10330
10331,dummy10331@dummy.com,판매자10331
10332,dummy10332@dummy.com,판매자10332
10333,dummy10333@dummy.com,판매자10333
10334,dummy10334@dummy.com,판매자10334
10335,dummy10335@dummy.com,판매자10335
10336,dummy10336@dummy.com,판매자10336
10337,dummy10337@dummy.com,판매자10337
10338,dummy10338@dummy.com,판매자10338
10339,dummy10339@dummy.com,판매자10339
10340,dummy10340@dummy.com,판매자10340
10341,dummy10341@dummy.com,판매자10341
10342,dummy10342@dummy.com,판매자10342
10343,dummy10343@dummy.com,판매자10343
10344,dummy10344@dummy.com,판매자10344
10345,dummy10345@dummy.com,판매자10345
10346,dummy10346@dummy.com,판매자10346
10347,dummy10347@dummy.com,판매자10347
10348,dummy10348@dummy.com,판매자10348
10349,dummy10349@dummy.com,판매자10349
10350,dummy10350@dummy.com,판매자10350
10351,dummy10351@dummy.com,판매자10351
10352,dummy10352@dummy.com,판매자10352
10353,dummy10353@dummy.com,판매자10353
10354,dummy10354@dummy.com,판매자10354
10355,dummy10355@dummy.com,판매자10355
10356,dummy10356@dummy.com,판매자10356
10357,dummy10357@dummy.com,판매자10357
10358,dummy10358@dummy.com,판매자10358
10359,dummy10359@dummy.com,판매자10359
10360,dummy10360@dummy.com,판매자10360
10361,dummy10361@dummy.com,판매자10361
10362,dummy10362@dummy.com,판매자10362
10363,dummy10363@dummy.com,판매자10363
10364,dummy10364@dummy.com,판매자10364
10365,dummy10365@dummy.com,판매자10365
10366,dummy10366@dummy.com,판매자10366
10367,dummy10367@dummy.com,판매자10367
10368,dummy10368@dummy.com,판매자10368
10369,dummy10369@dummy.com,판매자10369
10370,dummy10370@dummy.com,판매자10370
10371,dummy10371@dummy.com,판매자10371
10372,dummy10372@dummy.com,판매자10372
10373,dummy10373@dummy.com,판매자10373
10374,dummy10374@dummy.com,판매자10374
10375,dummy10375@dummy.com,판매자10375
10376,dummy10376@dummy.com,판매자10376
10377,dummy10377@dummy.com,판매자10377
10378,dummy10378@dummy.com,판매자10378
10379,dummy10379@dummy.com,판매자10379
10380,dummy10380@dummy.com,판매자10380
10381,dummy10381@dummy.com,판매자10381
10382,dummy10382@dummy.com,판매자10382
10383,dummy10383@dummy.com,판매자10383
10384,dummy10384@dummy.com,판매자10384
10385,dummy10385@dummy.com,판매자10385
10386,dummy10386@dummy.com,판매자10386
10387,dummy10387@dummy.com,판매자10387
10388,dummy10388@dummy.com,판매자10388
10389,dummy10389@dummy.com,판매자10389
10390,dummy10390@dummy.com,판매자10390
10391,dummy10391@dummy.com,판매자10391
10392,dummy10392@dummy.com,판매자10392
10393,dummy10393@dummy.com,판매자10393
10394,dummy10394@dummy.com,판매자10394
10395,dummy10395@dummy.com,판매자10395
10396,dummy10396@dummy.com,판매자10396
10397,dummy10397@dummy.com,판매자10397
10398,dummy10398@dummy.com,판매자10398
10399,dummy10399@dummy.com,판매자10399
10400,dummy10400@dummy.com,판매자10400
10401,dummy10401@dummy.com,판매자10401
10402,dummy10402@dummy.com,판매자10402
10403,dummy10403@dummy.com,판매자10403
10404,dummy10404@dummy.com,판매자10404
10405,dummy10405@dummy.com,판매자10405
10406,dummy10406@dummy.com,판매자10406
10407,dummy10407@dummy.com,판매자10407
10408,dummy10408@dummy.com,판매자10408
10409,dummy10409@dummy.com,판매자10409
10410,dummy10410@dummy.com,판매자10410
10411,dummy10411@dummy.com,판매자10411
10412,dummy10412@dummy.com,판매자10412
10413,dummy10413@dummy.com,판매자10413
10414,dummy10414@dummy.com,판매자10414
10415,dummy10415@dummy.com,판매자10415
10416,dummy10416@dummy.com,판매자10416
10417,dummy10417@dummy.com,판매자10417
10418,dummy10418@dummy.com,판매자10418
10419,dummy10419@dummy.com,판매자10419
10420,dummy10420@dummy.com,판매자10420
10421,dummy10421@dummy.com,판매자10421
10422,dummy10422@dummy.com,판매자10422
10423,dummy10423@dummy.com,판매자10423
10424,dummy10424@dummy.com,판매자10424
10425,dummy10425@dummy.com,판매자10425
10426,dummy10426@dummy.com,판매자10426
10427,dummy10427@dummy.com,판매자10427
10428,dummy10428@dummy.com,판매자10428
10429,dummy10429@dummy.com,판매자10429
10430,dummy10430@dummy.com,판매자10430
10431,dummy10431@dummy.com,판매자10431
10432,dummy10432@dummy.com,판매자10432
10433,dummy10433@dummy.com,판매자10433
10434,dummy10434@dummy.com,판매자10434
10435,dummy10435@dummy.com,판매자10435
10436,dummy10436@dummy.com,판매자10436
10437,dummy10437@dummy.com,판매자10437
10438,dummy10438@dummy.com,판매자10438
10439,dummy10439@dummy.com,판매자10439
10440,dummy10440@dummy.com,판매자10440
10441,dummy10441@dummy.com,판매자10441
10442,dummy10442@dummy.com,판매자10442
10443,dummy10443@dummy.com,판매자10443
10444,dummy10444@dummy.com,판매자10444
10445,dummy10445@dummy.com,판매자10445
10446,dummy10446@dummy.com,판매자10446
10447,dummy10447@dummy.com,판매자10447
10448,dummy10448@dummy.com,판매자10448
10449,dummy10449@dummy.com,판매자10449
10450,dummy10450@dummy.com,판매자10450
10451,dummy10451@dummy.com,판매자10451
10452,dummy10452@dummy.com,판매자10452
10453,dummy10453@dummy.com,판매자10453
10454,dummy10454@dummy.com,판매자10454
10455,dummy10455@dummy.com,판매자10455
10456,dummy10456@dummy.com,판매자10456
10457,dummy10457@dummy.com,판매자10457
10458,dummy10458@dummy.com,판매자10458
10459,dummy10459@dummy.com,판매자10459
10460,dummy10460@dummy.com,판매자10460
10461,dummy10461@dummy.com,판매자10461
10462,dummy10462@dummy.com,판매자10462
10463,dummy10463@dummy.com,판매자10463
10464,dummy10464@dummy.com,판매자10464
10465,dummy10465@dummy.com,판매자10465
10466,dummy10466@dummy.com,판매자10466
10467,dummy10467@dummy.com,판매자10467
10468,dummy10468@dummy.com,판매자10468
10469,dummy10469@dummy.com,판매자10469
10470,dummy10470@dummy.com,판매자10470
10471,dummy10471@dummy.com,판매자10471
10472,dummy10472@dummy.com,판매자10472
10473,dummy10473@dummy.com,판매자10473
10474,dummy10474@dummy.com,판매자10474
10475,dummy10475@dummy.com,판매자10475
10476,dummy10476@dummy.com,판매자10476
10477,dummy10477@dummy.com,판매자10477
10478,dummy10478@dummy.com,판매자10478
10479,dummy10479@dummy.com,판매자10479
10480,dummy10480@dummy.com,판매자10480
10481,dummy10481@dummy.com,판매자10481
10482,dummy10482@dummy.com,판매자10482
10483,dummy10483@dummy.com,판매자10483
10484,dummy10484@dummy.com,판매자10484
10485,dummy10485@dummy.com,판매자10485
10486,dummy10486@dummy.com,판매자10486
10487,dummy10487@dummy.com,판매자10487
10488,dummy10488@dummy.com,판매자10488
10489,dummy10489@dummy.com,판매자10489
10490,dummy10490@dummy.com,판매자10490
10491,dummy10491@dummy.com,판매자10491
10492,dummy10492@dummy.com,판매자10492
10493,dummy10493@dummy.com,판매자10493
10494,dummy10494@dummy.com,판매자10494
10495,dummy10495@dummy.com,판매자10495
10496,dummy10496@dummy.com,판매자10496
10497,dummy10497@dummy.com,판매자10497
10498,dummy10498@dummy.com,판매자10498
10499,dummy10499@dummy.com,판매자10499
10500,dummy10500@dummy.com,판매자10500
10501,dummy10501@dummy.com,판매자10501
10502,dummy10502@dummy.com,판매자10502
10503,dummy10503@dummy.com,판매자10503
10504,dummy10504@dummy.com,판매자10504
10505,dummy10505@dummy.com,판매자10505
10506,dummy10506@dummy.com,판매자10506
10507,dummy10507@dummy.com,판매자10507
10508,dummy10508@dummy.com,판매자10508
10509,dummy10509@dummy.com,판매자10509
10510,dummy10510@dummy.com,판매자10510
10511,dummy10511@dummy.com,판매자10511
10512,dummy10512@dummy.com,판매자10512
10513,dummy10513@dummy.com,판매자10513
10514,dummy10514@dummy.com,판매자10514
10515,dummy10515@dummy.com,판매자10515
10516,dummy10516@dummy.com,판매자10516
10517,dummy10517@dummy.com,판매자10517
10518,dummy10518@dummy.com,판매자10518
10519,dummy10519@dummy.com,판매자10519
10520,dummy10520@dummy.com,판매자10520
10521,dummy10521@dummy.com,판매자10521
10522,dummy10522@dummy.com,판매자10522
10523,dummy10523@dummy.com,판매자10523
10524,dummy10524@dummy.com,판매자10524
10525,dummy10525@dummy.com,판매자10525
10526,dummy10526@dummy.com,판매자10526
10527,dummy10527@dummy.com,판매자10527
10528,dummy10528@dummy.com,판매자10528
10529,dummy10529@dummy.com,판매자10529
10530,dummy10530@dummy.com,판매자10530
10531,dummy10531@dummy.com,판매자10531
10532,dummy10532@dummy.com,판매자10532
10533,dummy10533@dummy.com,판매자10533
10534,dummy10534@dummy.com,판매자10534
10535,dummy10535@dummy.com,판매자10535
10536,dummy10536@dummy.com,판매자10536
10537,dummy10537@dummy.com,판매자10537
10538,dummy10538@dummy.com,판매자10538
10539,dummy10539@dummy.com,판매자10539
10540,dummy10540@dummy.com,판매자10540
10541,dummy10541@dummy.com,판매자10541
10542,dummy10542@dummy.com,판매자10542
10543,dummy10543@dummy.com,판매자10543
10544,dummy10544@dummy.com,판매자10544
10545,dummy10545@dummy.com,판매자10545
10546,dummy10546@dummy.com,판매자10546
10547,dummy10547@dummy.com,판매자10547
10548,dummy10548@dummy.com,판매자10548
10549,dummy10549@dummy.com,판매자10549
10550,dummy10550@dummy.com,판매자10550
10551,dummy10551@dummy.com,판매자10551
10552,dummy10552@dummy.com,판매자10552
10553,dummy10553@dummy.com,판매자10553
10554,dummy10554@dummy.com,판매자10554
10555,dummy10555@dummy.com,판매자10555
10556,dummy10556@dummy.com,판매자10556
10557,dummy10557@dummy.com,판매자10557
10558,dummy10558@dummy.com,판매자10558
10559,dummy10559@dummy.com,판매자10559
10560,dummy10560@dummy.com,판매자10560
10561,dummy10561@dummy.com,판매자10561
10562,dummy10562@dummy.com,판매자10562
10563,dummy10563@dummy.com,판매자10563
10564,dummy10564@dummy.com,판매자10564
10565,dummy10565@dummy.com,판매자10565
10566,dummy10566@dummy.com,판매자10566
10567,dummy10567@dummy.com,판매자10567
10568,dummy10568@dummy.com,판매자10568
10569,dummy10569@dummy.com,판매자10569
10570,dummy10570@dummy.com,판매자10570
10571,dummy10571@dummy.com,판매자10571
10572,dummy10572@dummy.com,판매자10572
10573,dummy10573@dummy.com,판매자10573
10574,dummy10574@dummy.com,판매자10574
10575,dummy10575@dummy.com,판매자10575
10576,dummy10576@dummy.com,판매자10576
10577,dummy10577@dummy.com,판매자10577
10578,dummy10578@dummy.com,판매자10578
10579,dummy10579@dummy.com,판매자10579
10580,dummy10580@dummy.com,판매자10580
10581,dummy10581@dummy.com,판매자10581
10582,dummy10582@dummy.com,판매자10582
10583,dummy10583@dummy.com,판매자10583
10584,dummy10584@dummy.com,판매자10584
10585,dummy10585@dummy.com,판매자10585
10586,dummy10586@dummy.com,판매자10586
10587,dummy10587@dummy.com,판매자10587
10588,dummy10588@dummy.com,판매자10588
10589,dummy10589@dummy.com,판매자10589
10590,dummy10590@dummy.com,판매자10590
10591,dummy10591@dummy.com,판매자10591
10592,dummy10592@dummy.com,판매자10592
10593,dummy10593@dummy.com,판매자10593
10594,dummy10594@dummy.com,판매자10594
10595,dummy10595@dummy.com,판매자10595
10596,dummy10596@dummy.com,판매자10596
10597,dummy10597@dummy.com,판매자10597
10598,dummy10598@dummy.com,판매자10598
10599,dummy10599@dummy.com,판매자10599
10600,dummy10600@dummy.com,판매자10600
10601,dummy10601@dummy.com,판매자10601
10602,dummy10602@dummy.com,판매자10602
10603,dummy10603@dummy.com,판매자10603
10604,dummy10604@dummy.com,판매자10604
10605,dummy10605@dummy.com,판매자10605
10606,dummy10606@dummy.com,판매자10606
10607,dummy10607@dummy.com,판매자10607
10608,dummy10608@dummy.com,판매자10608
10609,dummy10609@dummy.com,판매자10609
10610,dummy10610@dummy.com,판매자10610
10611,dummy10611@dummy.com,판매자10611
10612,dummy10612@dummy.com,판매자10612
10613,dummy10613@dummy.com,판매자10613
10614,dummy10614@dummy.com,판매자10614
10615,dummy10615@dummy.com,판매자10615
10616,dummy10616@dummy.com,판매자10616
10617,dummy10617@dummy.com,판매자10617
10618,dummy10618@dummy.com,판매자10618
10619,dummy10619@dummy.com,판매자10619
10620,dummy10620@dummy.com,판매자10620
10621,dummy10621@dummy.com,판매자10621
10622,dummy10622@dummy.com,판매자10622
10623,dummy10623@dummy.com,판매자10623
10624,dummy10624@dummy.com,판매자10624
10625,dummy10625@dummy.com,판매자10625
10626,dummy10626@dummy.com,판매자10626
10627,dummy10627@dummy.com,판매자10627
10628,dummy10628@dummy.com,판매자10628
10629,dummy10629@dummy.com,판매자10629
10630,dummy10630@dummy.com,판매자10630
10631,dummy10631@dummy.com,판매자10631
10632,dummy10632@dummy.com,판매자10632
10633,dummy10633@dummy.com,판매자10633
10634,dummy10634@dummy.com,판매자10634
10635,dummy10635@dummy.com,판매자10635
10636,dummy10636@dummy.com,판매자10636
10637,dummy10637@dummy.com,판매자10637
10638,dummy10638@dummy.com,판매자10638
10639,dummy10639@dummy.com,판매자10639
10640,dummy10640@dummy.com,판매자10640
10641,dummy10641@dummy.com,판매자10641
10642,dummy10642@dummy.com,판매자10642
10643,dummy10643@dummy.com,판매자10643
10644,dummy10644@dummy.com,판매자10644
10645,dummy10645@dummy.com,판매자10645
10646,dummy10646@dummy.com,판매자10646
10647,dummy10647@dummy.com,판매자10647
10648,dummy10648@dummy.com,판매자10648
10649,dummy10649@dummy.com,판매자10649
10650,dummy10650@dummy.com,판매자10650
10651,dummy10651@dummy.com,판매자10651
10652,dummy10652@dummy.com,판매자10652
10653,dummy10653@dummy.com,판매자10653
10654,dummy10654@dummy.com,판매자10654
10655,dummy10655@dummy.com,판매자10655
10656,dummy10656@dummy.com,판매자10656
10657,dummy10657@dummy.com,판매자10657
10658,dummy10658@dummy.com,판매자10658
10659,dummy10659@dummy.com,판매자10659
10660,dummy10660@dummy.com,판매자10660
10661,dummy10661@dummy.com,판매자10661
10662,dummy10662@dummy.com,판매자10662
10663,dummy10663@dummy.com,판매자10663
10664,dummy10664@dummy.com,판매자10664
10665,dummy10665@dummy.com,판매자10665
10666,dummy10666@dummy.com,판매자10666
10667,dummy10667@dummy.com,판매자10667
10668,dummy10668@dummy.com,판매자10668
10669,dummy10669@dummy.com,판매자10669
10670,dummy10670@dummy.com,판매자10670
10671,dummy10671@dummy.com,판매자10671
10672,dummy10672@dummy.com,판매자10672
10673,dummy10673@dummy.com,판매자10673
10674,dummy10674@dummy.com,판매자10674
10675,dummy10675@dummy.com,판매자10675
10676,dummy10676@dummy.com,판매자10676
10677,dummy10677@dummy.com,판매자10677
10678,dummy10678@dummy.com,판매자10678
10679,dummy10679@dummy.com,판매자10679
10680,dummy10680@dummy.com,판매자10680
10681,dummy10681@dummy.com,판매자10681
10682,dummy10682@dummy.com,판매자10682
10683,dummy10683@dummy.com,판매자10683
10684,dummy10684@dummy.com,판매자10684
10685,dummy10685@dummy.com,판매자10685
10686,dummy10686@dummy.com,판매자10686
10687,dummy10687@dummy.com,판매자10687
10688,dummy10688@dummy.com,판매자10688
10689,dummy10689@dummy.com,판매자10689
10690,dummy10690@dummy.com,판매자10690
10691,dummy10691@dummy.com,판매자10691
10692,dummy10692@dummy.com,판매자10692
10693,dummy10693@dummy.com,판매자10693
10694,dummy10694@dummy.com,판매자10694
10695,dummy10695@dummy.com,판매자10695
10696,dummy10696@dummy.com,판매자10696
10697,dummy10697@dummy.com,판매자10697
10698,dummy10698@dummy.com,판매자10698
10699,dummy10699@dummy.com,판매자10699
10700,dummy10700@dummy.com,판매자10700
10701,dummy10701@dummy.com,판매자10701
10702,dummy10702@dummy.com,판매자10702
10703,dummy10703@dummy.com,판매자10703
10704,dummy10704@dummy.com,판매자10704
10705,dummy10705@dummy.com,판매자10705
10706,dummy10706@dummy.com,판매자10706
10707,dummy10707@dummy.com,판매자10707
10708,dummy10708@dummy.com,판매자10708
10709,dummy10709@dummy.com,판매자10709
10710,dummy10710@dummy.com,판매자10710
10711,dummy10711@dummy.com,판매자10711
10712,dummy10712@dummy.com,판매자10712
10713,dummy10713@dummy.com,판매자10713
10714,dummy10714@dummy.com,판매자10714
10715,dummy10715@dummy.com,판매자10715
10716,dummy10716@dummy.com,판매자10716
10717,dummy10717@dummy.com,판매자10717
10718,dummy10718@dummy.com,판매자10718
10719,dummy10719@dummy.com,판매자10719
10720,dummy10720@dummy.com,판매자10720
10721,dummy10721@dummy.com,판매자10721
10722,dummy10722@dummy.com,판매자10722
10723,dummy10723@dummy.com,판매자10723
10724,dummy10724@dummy.com,판매자10724
10725,dummy10725@dummy.com,판매자10725
10726,dummy10726@dummy.com,판매자10726
10727,dummy10727@dummy.com,판매자10727
10728,dummy10728@dummy.com,판매자10728
10729,dummy10729@dummy.com,판매자10729
10730,dummy10730@dummy.com,판매자10730
10731,dummy10731@dummy.com,판매자10731
10732,dummy10732@dummy.com,판매자10732
10733,dummy10733@dummy.com,판매자10733
10734,dummy10734@dummy.com,판매자10734
10735,dummy10735@dummy.com,판매자10735
10736,dummy10736@dummy.com,판매자10736
10737,dummy10737@dummy.com,판매자10737
10738,dummy10738@dummy.com,판매자10738
10739,dummy10739@dummy.com,판매자10739
10740,dummy10740@dummy.com,판매자10740
10741,dummy10741@dummy.com,판매자10741
10742,dummy10742@dummy.com,판매자10742
10743,dummy10743@dummy.com,판매자10743
10744,dummy10744@dummy.com,판매자10744
10745,dummy10745@dummy.com,판매자10745
10746,dummy10746@dummy.com,판매자10746
10747,dummy10747@dummy.com,판매자10747
10748,dummy10748@dummy.com,판매자10748
10749,dummy10749@dummy.com,판매자10749
10750,dummy10750@dummy.com,판매자10750
10751,dummy10751@dummy.com,판매자10751
10752,dummy10752@dummy.com,판매자10752
10753,dummy10753@dummy.com,판매자10753
10754,dummy10754@dummy.com,판매자10754
10755,dummy10755@dummy.com,판매자10755
10756,dummy10756@dummy.com,판매자10756
10757,dummy10757@dummy.com,판매자10757
10758,dummy10758@dummy.com,판매자10758
10759,dummy10759@dummy.com,판매자10759
10760,dummy10760@dummy.com,판매자10760
10761,dummy10761@dummy.com,판매자10761
10762,dummy10762@dummy.com,판매자10762
10763,dummy10763@dummy.com,판매자10763
10764,dummy10764@dummy.com,판매자10764
10765,dummy10765@dummy.com,판매자10765
10766,dummy10766@dummy.com,판매자10766
10767,dummy10767@dummy.com,판매자10767
10768,dummy10768@dummy.com,판매자10768
10769,dummy10769@dummy.com,판매자10769
10770,dummy10770@dummy.com,판매자10770
10771,dummy10771@dummy.com,판매자10771
10772,dummy10772@dummy.com,판매자10772
10773,dummy10773@dummy.com,판매자10773
10774,dummy10774@dummy.com,판매자10774
10775,dummy10775@dummy.com,판매자10775
10776,dummy10776@dummy.com,판매자10776
10777,dummy10777@dummy.com,판매자10777
10778,dummy10778@dummy.com,판매자10778
10779,dummy10779@dummy.com,판매자10779
10780,dummy10780@dummy.com,판매자10780
10781,dummy10781@dummy.com,판매자10781
10782,dummy10782@dummy.com,판매자10782
10783,dummy10783@dummy.com,판매자10783
10784,dummy10784@dummy.com,판매자10784
10785,dummy10785@dummy.com,판매자10785
10786,dummy10786@dummy.com,판매자10786
10787,dummy10787@dummy.com,판매자10787
10788,dummy10788@dummy.com,판매자10788
10789,dummy10789@dummy.com,판매자10789
10790,dummy10790@dummy.com,판매자10790
10791,dummy10791@dummy.com,판매자10791
10792,dummy10792@dummy.com,판매자10792
10793,dummy10793@dummy.com,판매자10793
10794,dummy10794@dummy.com,판매자10794
10795,dummy10795@dummy.com,판매자10795
10796,dummy10796@dummy.com,판매자10796
10797,dummy10797@dummy.com,판매자10797
10798,dummy10798@dummy.com,판매자10798
10799,dummy10799@dummy.com,판매자10799
10800,dummy10800@dummy.com,판매자10800
10801,dummy10801@dummy.com,판매자10801
10802,dummy10802@dummy.com,판매자10802
10803,dummy10803@dummy.com,판매자10803
10804,dummy10804@dummy.com,판매자10804
10805,dummy10805@dummy.com,판매자10805
10806,dummy10806@dummy.com,판매자10806
10807,dummy10807@dummy.com,판매자10807
10808,dummy10808@dummy.com,판매자10808
10809,dummy10809@dummy.com,판매자10809
10810,dummy10810@dummy.com,판매자10810
10811,dummy10811@dummy.com,판매자10811
10812,dummy10812@dummy.com,판매자10812
10813,dummy10813@dummy.com,판매자10813
10814,dummy10814@dummy.com,판매자10814
10815,dummy10815@dummy.com,판매자10815
10816,dummy10816@dummy.com,판매자10816
10817,dummy10817@dummy.com,판매자10817
10818,dummy10818@dummy.com,판매자10818
10819,dummy10819@dummy.com,판매자10819
10820,dummy10820@dummy.com,판매자10820
10821,dummy10821@dummy.com,판매자10821
10822,dummy10822@dummy.com,판매자10822
10823,dummy10823@dummy.com,판매자10823
10824,dummy10824@dummy.com,판매자10824
10825,dummy10825@dummy.com,판매자10825
10826,dummy10826@dummy.com,판매자10826
10827,dummy10827@dummy.com,판매자10827
10828,dummy10828@dummy.com,판매자10828
10829,dummy10829@dummy.com,판매자10829
10830,dummy10830@dummy.com,판매자10830
10831,dummy10831@dummy.com,판매자10831
10832,dummy10832@dummy.com,판매자10832
10833,dummy10833@dummy.com,판매자10833
10834,dummy10834@dummy.com,판매자10834
10835,dummy10835@dummy.com,판매자10835
10836,dummy10836@dummy.com,판매자10836
10837,dummy10837@dummy.com,판매자10837
10838,dummy10838@dummy.com,판매자10838
10839,dummy10839@dummy.com,판매자10839
10840,dummy10840@dummy.com,판매자10840
10841,dummy10841@dummy.com,판매자10841
10842,dummy10842@dummy.com,판매자10842
10843,dummy10843@dummy.com,판매자10843
10844,dummy10844@dummy.com,판매자10844
10845,dummy10845@dummy.com,판매자10845
10846,dummy10846@dummy.com,판매자10846
10847,dummy10847@dummy.com,판매자10847
10848,dummy10848@dummy.com,판매자10848
10849,dummy10849@dummy.com,판매자10849
10850,dummy10850@dummy.com,판매자10850
10851,dummy10851@dummy.com,판매자10851
10852,dummy10852@dummy.com,판매자10852
10853,dummy10853@dummy.com,판매자10853
10854,dummy10854@dummy.com,판매자10854
10855,dummy10855@dummy.com,판매자10855
10856,dummy10856@dummy.com,판매자10856
10857,dummy10857@dummy.com,판매자10857
10858,dummy10858@dummy.com,판매자10858
10859,dummy10859@dummy.com,판매자10859
10860,dummy10860@dummy.com,판매자10860
10861,dummy10861@dummy.com,판매자10861
10862,dummy10862@dummy.com,판매자10862
10863,dummy10863@dummy.com,판매자10863
10864,dummy10864@dummy.com,판매자10864
10865,dummy10865@dummy.com,판매자10865
10866,dummy10866@dummy.com,판매자10866
10867,dummy10867@dummy.com,판매자10867
10868,dummy10868@dummy.com,판매자10868
10869,dummy10869@dummy.com,판매자10869
10870,dummy10870@dummy.com,판매자10870
10871,dummy10871@dummy.com,판매자10871
10872,dummy10872@dummy.com,판매자10872
10873,dummy10873@dummy.com,판매자10873
10874,dummy10874@dummy.com,판매자10874
10875,dummy10875@dummy.com,판매자10875
10876,dummy10876@dummy.com,판매자10876
10877,dummy10877@dummy.com,판매자10877
10878,dummy10878@dummy.com,판매자10878
10879,dummy10879@dummy.com,판매자10879
10880,dummy10880@dummy.com,판매자10880
10881,dummy10881@dummy.com,판매자10881
10882,dummy10882@dummy.com,판매자10882
10883,dummy10883@dummy.com,판매자10883
10884,dummy10884@dummy.com,판매자10884
10885,dummy10885@dummy.com,판매자10885
10886,dummy10886@dummy.com,판매자10886
10887,dummy10887@dummy.com,판매자10887
10888,dummy10888@dummy.com,판매자10888
10889,dummy10889@dummy.com,판매자10889
10890,dummy10890@dummy.com,판매자10890
10891,dummy10891@dummy.com,판매자10891
10892,dummy10892@dummy.com,판매자10892
10893,dummy10893@dummy.com,판매자10893
10894,dummy10894@dummy.com,판매자10894
10895,dummy10895@dummy.com,판매자10895
10896,dummy10896@dummy.com,판매자10896
10897,dummy10897@dummy.com,판매자10897
10898,dummy10898@dummy.com,판매자10898
10899,dummy10899@dummy.com,판매자10899
10900,dummy10900@dummy.com,판매자10900
10901,dummy10901@dummy.com,판매자10901
10902,dummy10902@dummy.com,판매자10902
10903,dummy10903@dummy.com,판매자10903
10904,dummy10904@dummy.com,판매자10904
10905,dummy10905@dummy.com,판매자10905
10906,dummy10906@dummy.com,판매자10906
10907,dummy10907@dummy.com,판매자10907
10908,dummy10908@dummy.com,판매자10908
10909,dummy10909@dummy.com,판매자10909
10910,dummy10910@dummy.com,판매자10910
10911,dummy10911@dummy.com,판매자10911
10912,dummy10912@dummy.com,판매자10912
10913,dummy10913@dummy.com,판매자10913
10914,dummy10914@dummy.com,판매자10914
10915,dummy10915@dummy.com,판매자10915
10916,dummy10916@dummy.com,판매자10916
10917,dummy10917@dummy.com,판매자10917
10918,dummy10918@dummy.com,판매자10918
10919,dummy10919@dummy.com,판매자10919
10920,dummy10920@dummy.com,판매자10920
10921,dummy10921@dummy.com,판매자10921
10922,dummy10922@dummy.com,판매자10922
10923,dummy10923@dummy.com,판매자10923
10924,dummy10924@dummy.com,판매자10924
10925,dummy10925@dummy.com,판매자10925
10926,dummy10926@dummy.com,판매자10926
10927,dummy10927@dummy.com,판매자10927
10928,dummy10928@dummy.com,판매자10928
10929,dummy10929@dummy.com,판매자10929
10930,dummy10930@dummy.com,판매자10930
10931,dummy10931@dummy.com,판매자10931
10932,dummy10932@dummy.com,판매자10932
10933,dummy10933@dummy.com,판매자10933
10934,dummy10934@dummy.com,판매자10934
10935,dummy10935@dummy.com,판매자10935
10936,dummy10936@dummy.com,판매자10936
10937,dummy10937@dummy.com,판매자10937
10938,dummy10938@dummy.com,판매자10938
10939,dummy10939@dummy.com,판매자10939
10940,dummy10940@dummy.com,판매자10940
10941,dummy10941@dummy.com,판매자10941
10942,dummy10942@dummy.com,판매자10942
10943,dummy10943@dummy.com,판매자10943
10944,dummy10944@dummy.com,판매자10944
10945,dummy10945@dummy.com,판매자10945
10946,dummy10946@dummy.com,판매자10946
10947,dummy10947@dummy.com,판매자10947
10948,dummy10948@dummy.com,판매자10948
10949,dummy10949@dummy.com,판매자10949
10950,dummy10950@dummy.com,판매자10950
10951,dummy10951@dummy.com,판매자10951
10952,dummy10952@dummy.com,판매자10952
10953,dummy10953@dummy.com,판매자10953
10954,dummy10954@dummy.com,판매자10954
10955,dummy10955@dummy.com,판매자10955
10956,dummy10956@dummy.com,판매자10956
10957,dummy10957@dummy.com,판매자10957
10958,dummy10958@dummy.com,판매자10958
10959,dummy10959@dummy.com,판매자10959
10960,dummy10960@dummy.com,판매자10960
10961,dummy10961@dummy.com,판매자10961
10962,dummy10962@dummy.com,판매자10962
10963,dummy10963@dummy.com,판매자10963
10964,dummy10964@dummy.com,판매자10964
10965,dummy10965@dummy.com,판매자10965
10966,dummy10966@dummy.com,판매자10966
10967,dummy10967@dummy.com,판매자10967
10968,dummy10968@dummy.com,판매자10968
10969,dummy10969@dummy.com,판매자10969
10970,dummy10970@dummy.com,판매자10970
10971,dummy10971@dummy.com,판매자10971
10972,dummy10972@dummy.com,판매자10972
10973,dummy10973@dummy.com,판매자10973
10974,dummy10974@dummy.com,판매자10974
10975,dummy10975@dummy.com,판매자10975
10976,dummy10976@dummy.com,판매자10976
10977,dummy10977@dummy.com,판매자10977
10978,dummy10978@dummy.com,판매자10978
10979,dummy10979@dummy.com,판매자10979
10980,dummy10980@dummy.com,판매자10980
10981,dummy10981@dummy.com,판매자10981
10982,dummy10982@dummy.com,판매자10982
10983,dummy10983@dummy.com,판매자10983
10984,dummy10984@dummy.com,판매자10984
10985,dummy10985@dummy.com,판매자10985
10986,dummy10986@dummy.com,판매자10986
10987,dummy10987@dummy.com,판매자10987
10988,dummy10988@dummy.com,판매자10988
10989,dummy10989@dummy.com,판매자10989
10990,dummy10990@dummy.com,판매자10990
10991,dummy10991@dummy.com,판매자10991
10992,dummy10992@dummy.com,판매자10992
10993,dummy10993@dummy.com,판매자10993
10994,dummy10994@dummy.com,판매자10994
10995,dummy10995@dummy.com,판매자10995
10996,dummy10996@dummy.com,판매자10996
10997,dummy10997@dummy.com,판매자10997
10998,dummy10998@dummy.com,판매자10998
10999,dummy10999@dummy.com,판매자10999
11000,dummy11000@dummy.com,판매자11000
11001,dummy11001@dummy.com,판매자11001
11002,dummy11002@dummy.com,판매자11002
11003,dummy11003@dummy.com,판매자11003
11004,dummy11004@dummy.com,판매자11004
11005,dummy11005@dummy.com,판매자11005
11006,dummy11006@dummy.com,판매자11006
11007,dummy11007@dummy.com,판매자11007
11008,dummy11008@dummy.com,판매자11008
11009,dummy11009@dummy.com,판매자11009
11010,dummy11010@dummy.com,판매자11010
11011,dummy11011@dummy.com,판매자11011
11012,dummy11012@dummy.com,판매자11012
11013,dummy11013@dummy.com,판매자11013
11014,dummy11014@dummy.com,판매자11014
11015,dummy11015@dummy.com,판매자11015
11016,dummy11016@dummy.com,판매자11016
11017,dummy11017@dummy.com,판매자11017
11018,dummy11018@dummy.com,판매자11018
11019,dummy11019@dummy.com,판매자11019
11020,dummy11020@dummy.com,판매자11020
11021,dummy11021@dummy.com,판매자11021
11022,dummy11022@dummy.com,판매자11022
11023,dummy11023@dummy.com,판매자11023
11024,dummy11024@dummy.com,판매자11024
11025,dummy11025@dummy.com,판매자11025
11026,dummy11026@dummy.com,판매자11026
11027,dummy11027@dummy.com,판매자11027
11028,dummy11028@dummy.com,판매자11028
11029,dummy11029@dummy.com,판매자11029
11030,dummy11030@dummy.com,판매자11030
11031,dummy11031@dummy.com,판매자11031
11032,dummy11032@dummy.com,판매자11032
11033,dummy11033@dummy.com,판매자11033
11034,dummy11034@dummy.com,판매자11034
11035,dummy11035@dummy.com,판매자11035
11036,dummy11036@dummy.com,판매자11036
11037,dummy11037@dummy.com,판매자11037
11038,dummy11038@dummy.com,판매자11038
11039,dummy11039@dummy.com,판매자11039
11040,dummy11040@dummy.com,판매자11040
11041,dummy11041@dummy.com,판매자11041
11042,dummy11042@dummy.com,판매자11042
11043,dummy11043@dummy.com,판매자11043
11044,dummy11044@dummy.com,판매자11044
11045,dummy11045@dummy.com,판매자11045
11046,dummy11046@dummy.com,판매자11046
11047,dummy11047@dummy.com,판매자11047
11048,dummy11048@dummy.com,판매자11048
11049,dummy11049@dummy.com,판매자11049
11050,dummy11050@dummy.com,판매자11050
11051,dummy11051@dummy.com,판매자11051
11052,dummy11052@dummy.com,판매자11052
11053,dummy11053@dummy.com,판매자11053
11054,dummy11054@dummy.com,판매자11054
11055,dummy11055@dummy.com,판매자11055
11056,dummy11056@dummy.com,판매자11056
11057,dummy11057@dummy.com,판매자11057
11058,dummy11058@dummy.com,판매자11058
11059,dummy11059@dummy.com,판매자11059
11060,dummy11060@dummy.com,판매자11060
11061,dummy11061@dummy.com,판매자11061
11062,dummy11062@dummy.com,판매자11062
11063,dummy11063@dummy.com,판매자11063
11064,dummy11064@dummy.com,판매자11064
11065,dummy11065@dummy.com,판매자11065
11066,dummy11066@dummy.com,판매자11066
11067,dummy11067@dummy.com,판매자11067
11068,dummy11068@dummy.com,판매자11068
11069,dummy11069@dummy.com,판매자11069
11070,dummy11070@dummy.com,판매자11070
11071,dummy11071@dummy.com,판매자11071
11072,dummy11072@dummy.com,판매자11072
11073,dummy11073@dummy.com,판매자11073
11074,dummy11074@dummy.com,판매자11074
11075,dummy11075@dummy.com,판매자11075
11076,dummy11076@dummy.com,판매자11076
11077,dummy11077@dummy.com,판매자11077
11078,dummy11078@dummy.com,판매자11078
11079,dummy11079@dummy.com,판매자11079
11080,dummy11080@dummy.com,판매자11080
11081,dummy11081@dummy.com,판매자11081
11082,dummy11082@dummy.com,판매자11082
11083,dummy11083@dummy.com,판매자11083
11084,dummy11084@dummy.com,판매자11084
11085,dummy11085@dummy.com,판매자11085
11086,dummy11086@dummy.com,판매자11086
11087,dummy11087@dummy.com,판매자11087
11088,dummy11088@dummy.com,판매자11088
11089,dummy11089@dummy.com,판매자11089
11090,dummy11090@dummy.com,판매자11090
11091,dummy11091@dummy.com,판매자11091
11092,dummy11092@dummy.com,판매자11092
11093,dummy11093@dummy.com,판매자11093
11094,dummy11094@dummy.com,판매자11094
11095,dummy11095@dummy.com,판매자11095
11096,dummy11096@dummy.com,판매자11096
11097,dummy11097@dummy.com,판매자11097
11098,dummy11098@dummy.com,판매자11098
11099,dummy11099@dummy.com,판매자11099
11100,dummy11100@dummy.com,판매자11100
